obsdate, fourier_raw, fourier_raw_power, fourier_detrend, fourier_detrend_power, ls_raw, ls_raw_power, ls_detrend, ls_detrend_power
15-dec-12_2.16, [ 0. 8. 20. 24. 44. 16. 52. 4. 332. 268.], [0.22698877 0.00997209 0.00809972 0.00622052 0.0049559 0.00141757 0.00111539 0.0010616 0.00088802 0.00071551], [ 8. 20. 24. 44. 16. 52. 4. 0. 332. 268.], [0.00997209 0.00809972 0.00622052 0.0049559 0.00141757 0.00111539 0.0010616 0.00088802 0.00071551 0.00060814], [11.66480447 10.8603352 0.40223464 1.20670391 12.46927374 10.05586592 2.01117318 2.81564246 9.25139665 8.44692737], [0.44877633 0.44844625 0.44511983 0.44479314 0.44476944 0.4447274 0.4444391 0.44101725 0.44097675 0.44068 ], [11.66480447 10.8603352 0.40223464 1.20670391 12.46927374 10.05586592 2.01117318 2.81564246 9.25139665 8.44692737], [0.44877633 0.44844625 0.44511983 0.44479314 0.44476944 0.4447274 0.4444391 0.44101725 0.44097675 0.44068 ]
09-aug-26_misc, [ 0. 22.28571429 27.42857143 29.14285714 34.28571429 15.42857143 58.28571429 61.71428571 25.71428571 30.85714286], [0.59735703 0.15899629 0.07522371 0.04587519 0.03109423 0.03068247 0.02126766 0.01963136 0.01289561 0.00997954], [22.28571429 27.42857143 29.14285714 34.28571429 15.42857143 58.28571429 61.71428571 25.71428571 30.85714286 46.28571429], [0.15899629 0.07522371 0.04587519 0.03109423 0.03068247 0.02126766 0.01963136 0.01289561 0.00997954 0.0086131 ], [0.85918854 0.51551313 1.20286396 0.17183771 1.54653938 1.8902148 2.23389021 3.60859189 3.26491647 2.57756563], [1.34060575 1.23576654 0.91141457 0.91125242 0.88715825 0.88670439 0.88578082 0.88394649 0.88282052 0.88279817], [0.85918854 0.51551313 1.20286396 0.17183771 1.54653938 1.8902148 2.23389021 3.60859189 3.26491647 2.57756563], [1.34060575 1.23576654 0.91141457 0.91125242 0.88715825 0.88670439 0.88578082 0.88394649 0.88282052 0.88279817]
12-aug-21_2.3, [ 0. 4.36363636 6.54545455 9.81818182 21.81818182 16.36363636 28.36363636 33.81818182 46.90909091 58.90909091], [0.26758834 0.07184432 0.03593964 0.01555758 0.01102792 0.00992493 0.00864792 0.00790035 0.00697122 0.00624674], [ 4.36363636 6.54545455 9.81818182 21.81818182 16.36363636 28.36363636 33.81818182 46.90909091 58.90909091 18.54545455], [0.07184432 0.03593964 0.01555758 0.01102792 0.00992493 0.00864792 0.00790035 0.00697122 0.00624674 0.00523781], [2.29438543 2.07587253 2.51289833 1.85735964 1.63884674 0.10925645 0.32776935 2.73141123 0.54628225 1.42033384], [0.71107562 0.71090143 0.7063889 0.70637609 0.70602399 0.66015183 0.66007602 0.65592108 0.65591784 0.65559304], [2.29438543 2.07587253 2.51289833 1.85735964 1.63884674 0.10925645 0.32776935 2.73141123 0.54628225 1.42033384], [0.71107562 0.71090143 0.7063889 0.70637609 0.70602399 0.66015183 0.66007602 0.65592108 0.65591784 0.65559304]
12-aug-21_misc, [ 0. 4.36363636 16.36363636 9.81818182 6.54545455 28.36363636 34.90909091 21.81818182 40.36363636 22.90909091], [0.82459826 0.20927788 0.19602946 0.06338317 0.0519241 0.03048574 0.02801521 0.02368711 0.01920294 0.01484095], [ 4.36363636 16.36363636 9.81818182 6.54545455 28.36363636 34.90909091 21.81818182 40.36363636 22.90909091 46.90909091], [0.20927788 0.19602946 0.06338317 0.0519241 0.03048574 0.02801521 0.02368711 0.01920294 0.01484095 0.01306293], [1.42033384 1.63884674 1.85735964 2.07587253 1.20182094 2.29438543 0.98330804 0.76479514 0.54628225 0.10925645], [0.58125951 0.58105082 0.57721351 0.57721027 0.57690528 0.54693888 0.54689656 0.54336984 0.54336457 0.54309113], [1.42033384 1.63884674 1.85735964 2.07587253 1.20182094 2.29438543 0.98330804 0.76479514 0.54628225 0.10925645], [0.58125951 0.58105082 0.57721351 0.57721027 0.57690528 0.54693888 0.54689656 0.54336984 0.54336457 0.54309113]
12-jan-27_2.03, [ 0. 8. 10. 6. 20. 28. 44. 34. 126. 26.], [0.54569793 0.02788119 0.01184905 0.0075938 0.00684051 0.00510479 0.00467724 0.00242668 0.00230168 0.00207758], [ 8. 10. 6. 20. 28. 44. 34. 126. 26. 48.], [0.02788119 0.01184905 0.0075938 0.00684051 0.00510479 0.00467724 0.00242668 0.00230168 0.00207758 0.0020397 ], [1.40389972 1.80501393 1.00278552 0.60167131 0.2005571 2.20612813 2.60724234 5.81615599 5.41504178 6.21727019], [0.79421496 0.77403108 0.76813421 0.76709896 0.76070906 0.76066764 0.76013396 0.75581387 0.75536228 0.74925574], [1.40389972 1.80501393 1.00278552 0.60167131 0.2005571 2.20612813 2.60724234 5.81615599 5.41504178 6.21727019], [0.79421496 0.77403108 0.76813421 0.76709896 0.76070906 0.76066764 0.76013396 0.75581387 0.75536228 0.74925574]
07-may-29_2.03, [ 0. 28. 24. 30. 34. 50. 104. 60. 86. 98.], [0.84362239 0.11135942 0.07998767 0.06480895 0.05858721 0.01480821 0.00992891 0.00968511 0.00890717 0.00745603], [ 28. 24. 30. 34. 50. 104. 60. 86. 98. 122.], [0.11135942 0.07998767 0.06480895 0.05858721 0.01480821 0.00992891 0.00968511 0.00890717 0.00745603 0.00744833], [0.2005571 0.60167131 1.00278552 1.40389972 1.80501393 2.20612813 4.21169916 8.62395543 4.61281337 2.60724234], [1.08556699 1.06628641 0.71475036 0.71426468 0.7102249 0.69654192 0.69649802 0.69621717 0.66719279 0.66717233], [0.2005571 0.60167131 1.00278552 1.40389972 1.80501393 2.20612813 4.21169916 8.62395543 4.61281337 2.60724234], [1.08556699 1.06628641 0.71475036 0.71426468 0.7102249 0.69654192 0.69649802 0.69621717 0.66719279 0.66717233]
12-jan-27_misc, [ 0. 6.85714286 15.42857143 22.28571429 5.14285714 13.71428571 24. 8.57142857 61.71428571 42.85714286], [0.67258711 0.25971814 0.05587633 0.03867576 0.02467078 0.0167479 0.01435175 0.01260662 0.00911902 0.00895924], [ 6.85714286 15.42857143 22.28571429 5.14285714 13.71428571 24. 8.57142857 61.71428571 42.85714286 51.42857143], [0.25971814 0.05587633 0.03867576 0.02467078 0.0167479 0.01435175 0.01260662 0.00911902 0.00895924 0.008056 ], [1.20286396 1.54653938 0.85918854 0.51551313 0.17183771 1.8902148 2.23389021 2.57756563 4.29594272 3.9522673 ], [2.51039505 2.47021827 1.00220724 1.00183938 0.96049331 0.95988139 0.95416226 0.95349976 0.94169244 0.94143233], [1.20286396 1.54653938 0.85918854 0.51551313 0.17183771 1.8902148 2.23389021 2.57756563 4.29594272 3.9522673 ], [2.51039505 2.47021827 1.00220724 1.00183938 0.96049331 0.95988139 0.95416226 0.95349976 0.94169244 0.94143233]
09-aug-23_2.23, [ 0. 3.6 19.2 4.8 18. 13.2 22.8 25.2 28.8 49.2], [0.61056216 0.16514339 0.10912994 0.04324926 0.02557628 0.01727548 0.01409645 0.01350395 0.01187293 0.00867434], [ 3.6 19.2 4.8 18. 13.2 22.8 25.2 28.8 49.2 24. ], [0.16514339 0.10912994 0.04324926 0.02557628 0.01727548 0.01409645 0.01350395 0.01187293 0.00867434 0.00747957], [0.60100167 0.360601 0.12020033 0.84140234 1.08180301 1.32220367 2.52420701 2.76460768 1.56260434 3.00500835], [0.90776944 0.89719158 0.81651965 0.81649988 0.80885557 0.80855374 0.8050539 0.80504893 0.80419949 0.80293953], [0.60100167 0.360601 0.12020033 0.84140234 1.08180301 1.32220367 2.52420701 2.76460768 1.56260434 3.00500835], [0.90776944 0.89719158 0.81651965 0.81649988 0.80885557 0.80855374 0.8050539 0.80504893 0.80419949 0.80293953]
00-oct-4_2.3, [ 0. 10.5 25.5 16.5 13.5 21. 40.5 9. 37.5 45. ], [0.14570518 0.01165909 0.01012721 0.00714775 0.00701145 0.006669 0.00586126 0.00559477 0.00443766 0.0037788 ], [10.5 25.5 16.5 13.5 21. 40.5 9. 37.5 45. 67.5], [0.01165909 0.01012721 0.00714775 0.00701145 0.006669 0.00586126 0.00559477 0.00443766 0.0037788 0.00343466], [0.45093946 0.15031315 0.75156576 1.05219207 1.35281837 1.65344468 8.26722338 7.96659708 2.8559499 3.1565762 ], [4.50482612 4.2826077 0.31170332 0.31151189 0.30445333 0.30344958 0.30016369 0.2983235 0.29529379 0.29527817], [0.45093946 0.15031315 0.75156576 1.05219207 1.35281837 1.65344468 8.26722338 7.96659708 2.8559499 3.1565762 ], [4.50482612 4.2826077 0.31170332 0.31151189 0.30445333 0.30344958 0.30016369 0.2983235 0.29529379 0.29527817]
12-aug-21_2.07, [ 0. 22. 20. 64. 32. 62. 38. 66. 68. 34.], [0.65469075 0.07994635 0.05736825 0.05020558 0.02733018 0.01286581 0.01237817 0.01146836 0.00921909 0.00892366], [22. 20. 64. 32. 62. 38. 66. 68. 34. 40.], [0.07994635 0.05736825 0.05020558 0.02733018 0.01286581 0.01237817 0.01146836 0.00921909 0.00892366 0.00639547], [0.2005571 0.60167131 1.00278552 1.40389972 1.80501393 2.20612813 4.21169916 6.6183844 6.21727019 4.61281337], [1.10197288 1.08619817 0.71655991 0.71614755 0.71089266 0.6998 0.69974173 0.69724843 0.66932145 0.66929975], [0.2005571 0.60167131 1.00278552 1.40389972 1.80501393 2.20612813 4.21169916 6.6183844 6.21727019 4.61281337], [1.10197288 1.08619817 0.71655991 0.71614755 0.71089266 0.6998 0.69974173 0.69724843 0.66932145 0.66929975]
07-aug-12_misc, [ 0. 33. 36. 39. 30. 27. 42. 45. 81. 24.], [0.83195134 0.05148911 0.04065765 0.03361335 0.02159068 0.01975662 0.01599135 0.01306988 0.01051735 0.00958359], [ 33. 36. 39. 30. 27. 42. 45. 81. 24. 141.], [0.05148911 0.04065765 0.03361335 0.02159068 0.01975662 0.01599135 0.01306988 0.01051735 0.00958359 0.00949816], [ 8.73640167 9.33891213 12.35146444 12.9539749 9.94142259 8.13389121 5.72384937 5.12133891 11.74895397 18.9790795 ], [2.75098553 2.62942106 0.3536989 0.35331873 0.3463064 0.34599342 0.34580274 0.34573385 0.34504176 0.33881784], [ 8.73640167 9.33891213 12.35146444 12.9539749 9.94142259 8.13389121 5.72384937 5.12133891 11.74895397 18.9790795 ], [2.75098553 2.62942106 0.3536989 0.35331873 0.3463064 0.34599342 0.34580274 0.34573385 0.34504176 0.33881784]
02-feb-11_2.3, [ 0. 9.6 37.2 33.6 25.2 36. 13.2 38.4 40.8 39.6], [0.1574941 0.017889 0.01143221 0.01014088 0.0065875 0.00634586 0.00502546 0.00383868 0.00300854 0.00273378], [ 9.6 37.2 33.6 25.2 36. 13.2 38.4 40.8 39.6 49.2], [0.017889 0.01143221 0.01014088 0.0065875 0.00634586 0.00502546 0.00383868 0.00300854 0.00273378 0.00206393], [2.28380634 2.04340568 0.12020033 0.360601 0.60100167 2.52420701 1.80300501 0.84140234 6.13021703 5.88981636], [0.51273803 0.51265481 0.51038282 0.51037668 0.51020439 0.50916935 0.50903692 0.50679036 0.50678294 0.50661126], [2.28380634 2.04340568 0.12020033 0.360601 0.60100167 2.52420701 1.80300501 0.84140234 6.13021703 5.88981636], [0.51273803 0.51265481 0.51038282 0.51037668 0.51020439 0.50916935 0.50903692 0.50679036 0.50678294 0.50661126]
09-sep-27_2.16, [ 0. 12. 16.8 38.4 40.8 36. 57.6 55.2 14.4 84. ], [0.35895034 0.07412137 0.04198648 0.02798183 0.01437763 0.0073616 0.00685871 0.00493859 0.00493268 0.00474545], [12. 16.8 38.4 40.8 36. 57.6 55.2 14.4 84. 60. ], [0.07412137 0.04198648 0.02798183 0.01437763 0.0073616 0.00685871 0.00493859 0.00493268 0.00474545 0.00456506], [0.24080268 0.72240803 1.20401338 1.68561873 2.16722408 2.64882943 3.13043478 5.05685619 7.94648829 5.53846154], [0.98808152 0.98168535 0.82552399 0.82540831 0.82101771 0.82084101 0.82054911 0.81569344 0.80384875 0.80383014], [0.24080268 0.72240803 1.20401338 1.68561873 2.16722408 2.64882943 3.13043478 5.05685619 7.94648829 5.53846154], [0.98808152 0.98168535 0.82552399 0.82540831 0.82101771 0.82084101 0.82054911 0.81569344 0.80384875 0.80383014]
09-jul-24_misc, [ 0. 19.2 14.4 45.6 43.2 67.2 21.6 48. 64.8 88.8], [0.4380099 0.10458773 0.0625684 0.02785226 0.01763578 0.0108029 0.00599726 0.00592509 0.00500834 0.00407284], [19.2 14.4 45.6 43.2 67.2 21.6 48. 64.8 88.8 69.6], [0.10458773 0.0625684 0.02785226 0.01763578 0.0108029 0.00599726 0.00592509 0.00500834 0.00407284 0.00380802], [0.24080268 0.72240803 1.20401338 1.68561873 2.16722408 2.64882943 3.13043478 5.53846154 5.05685619 6.02006689], [1.03507694 1.0272747 0.87037167 0.8702187 0.86551546 0.86545704 0.86524098 0.86043016 0.84808829 0.84807324], [0.24080268 0.72240803 1.20401338 1.68561873 2.16722408 2.64882943 3.13043478 5.53846154 5.05685619 6.02006689], [1.03507694 1.0272747 0.87037167 0.8702187 0.86551546 0.86545704 0.86524098 0.86043016 0.84808829 0.84807324]
06-apr-24_misc, [ 0. 1.33333333 4. 16. 22.66666667 18.66666667 25.33333333 6.66666667 13.33333333 28. ], [0.11155266 0.02311694 0.01118135 0.00571064 0.00516769 0.0029092 0.00282212 0.00234947 0.00233906 0.00176986], [ 1.33333333 4. 16. 22.66666667 18.66666667 25.33333333 6.66666667 13.33333333 28. 76. ], [0.02311694 0.01118135 0.00571064 0.00516769 0.0029092 0.00282212 0.00234947 0.00233906 0.00176986 0.00174303], [2.5380334 2.27087199 2.80519481 3.07235622 2.00371058 3.33951763 1.73654917 5.47680891 5.74397032 5.2096475 ], [0.73664403 0.73661193 0.73430575 0.73430101 0.7341318 0.68139446 0.68136556 0.67907261 0.67906839 0.67890007], [2.5380334 2.27087199 2.80519481 3.07235622 2.00371058 3.33951763 1.73654917 5.47680891 5.74397032 5.2096475 ], [0.73664403 0.73661193 0.73430575 0.73430101 0.7341318 0.68139446 0.68136556 0.67907261 0.67906839 0.67890007]
00-dec-29_2.03, [ 0. 3.42857143 48. 53.14285714 56.57142857 60. 68.57142857 54.85714286 51.42857143 58.28571429], [0.51732796 0.02999619 0.01468241 0.01393642 0.01375059 0.01233741 0.011422 0.01138092 0.01134348 0.01093154], [ 3.42857143 48. 53.14285714 56.57142857 60. 68.57142857 54.85714286 51.42857143 58.28571429 65.14285714], [0.02999619 0.01468241 0.01393642 0.01375059 0.01233741 0.011422 0.01138092 0.01134348 0.01093154 0.008324 ], [11.85680191 12.20047733 11.51312649 12.54415274 19.4176611 19.07398568 13.91885442 17.69928401 11.16945107 4.63961814], [0.35897829 0.35869495 0.3536445 0.35358847 0.35316638 0.33011588 0.32976452 0.32522286 0.32516749 0.32478593], [11.85680191 12.20047733 11.51312649 12.54415274 19.4176611 19.07398568 13.91885442 17.69928401 11.16945107 4.63961814], [0.35897829 0.35869495 0.3536445 0.35358847 0.35316638 0.33011588 0.32976452 0.32522286 0.32516749 0.32478593]
16-dec-22_2.16, [ 0. 15. 19.5 27. 31.5 21. 13.5 33. 43.5 49.5], [0.62405466 0.18515275 0.08451251 0.05021007 0.02561112 0.01759606 0.01745277 0.01552737 0.01247512 0.0110082 ], [15. 19.5 27. 31.5 21. 13.5 33. 43.5 49.5 64.5], [0.18515275 0.08451251 0.05021007 0.02561112 0.01759606 0.01745277 0.01552737 0.01247512 0.0110082 0.01090162], [0.15031315 0.45093946 0.75156576 1.05219207 1.35281837 1.65344468 1.95407098 2.25469729 3.45720251 3.1565762 ], [37.3174352 27.66972435 0.97863675 0.97815543 0.94709724 0.94433126 0.88020179 0.87758201 0.87657425 0.87583188], [0.15031315 0.45093946 0.75156576 1.05219207 1.35281837 1.65344468 1.95407098 2.25469729 3.45720251 3.1565762 ], [37.3174352 27.66972435 0.97863675 0.97815543 0.94709724 0.94433126 0.88020179 0.87758201 0.87657425 0.87583188]
07-may-29_2.12, [ 0. 14. 24. 16. 42. 18. 20. 76. 52. 116.], [0.48891362 0.09491337 0.0604547 0.02156547 0.01566455 0.01318123 0.00990033 0.00722798 0.00668916 0.00519457], [ 14. 24. 16. 42. 18. 20. 76. 52. 116. 56.], [0.09491337 0.0604547 0.02156547 0.01566455 0.01318123 0.00990033 0.00722798 0.00668916 0.00519457 0.00499703], [0.2005571 0.60167131 1.00278552 1.40389972 1.80501393 2.20612813 2.60724234 4.61281337 4.21169916 5.01392758], [1.29639364 1.2858943 0.83329075 0.83297904 0.83138043 0.83115949 0.81822379 0.80998539 0.79404348 0.79401205], [0.2005571 0.60167131 1.00278552 1.40389972 1.80501393 2.20612813 2.60724234 4.61281337 4.21169916 5.01392758], [1.29639364 1.2858943 0.83329075 0.83297904 0.83138043 0.83115949 0.81822379 0.80998539 0.79404348 0.79401205]
09-aug-13_2.12, [ 0. 4. 10. 9. 21. 18. 15. 19. 31. 30.], [0.32995434 0.05740865 0.0574054 0.02683834 0.01827578 0.01033681 0.00982345 0.00843851 0.00705179 0.00686318], [ 4. 10. 9. 21. 18. 15. 19. 31. 30. 20.], [0.05740865 0.0574054 0.02683834 0.01827578 0.01033681 0.00982345 0.00843851 0.00705179 0.00686318 0.0057839 ], [0.10013908 0.30041725 0.50069541 0.70097357 0.90125174 2.10292072 2.30319889 1.90264256 1.1015299 2.50347705], [0.96490068 0.94152254 0.66549867 0.66496025 0.66212443 0.65069475 0.64930302 0.64925264 0.6250437 0.6250341 ], [0.10013908 0.30041725 0.50069541 0.70097357 0.90125174 2.10292072 2.30319889 1.90264256 1.1015299 2.50347705], [0.96490068 0.94152254 0.66549867 0.66496025 0.66212443 0.65069475 0.64930302 0.64925264 0.6250437 0.6250341 ]
16-feb-28_2.16, [ 0. 3.42857143 15.42857143 6.85714286 17.14285714 27.42857143 29.14285714 24. 37.71428571 22.28571429], [0.24892093 0.00896977 0.00601228 0.00449477 0.00430878 0.00427497 0.00412823 0.00383366 0.00303018 0.00291598], [ 3.42857143 15.42857143 6.85714286 17.14285714 27.42857143 29.14285714 24. 37.71428571 22.28571429 39.42857143], [0.00896977 0.00601228 0.00449477 0.00430878 0.00427497 0.00412823 0.00383366 0.00303018 0.00291598 0.00131681], [ 2.92124105 3.26491647 2.57756563 3.60859189 3.9522673 2.23389021 7.7326969 8.07637232 18.73031026 4.29594272], [0.3947006 0.39436837 0.38824276 0.3882175 0.38768902 0.37881266 0.37861755 0.37304815 0.3730275 0.37254993], [ 2.92124105 3.26491647 2.57756563 3.60859189 3.9522673 2.23389021 7.7326969 8.07637232 18.73031026 4.29594272], [0.3947006 0.39436837 0.38824276 0.3882175 0.38768902 0.37881266 0.37861755 0.37304815 0.3730275 0.37254993]
07-mar-17_misc, [ 0. 10.8 9.6 8.4 6. 22.8 21.6 33.6 16.8 109.2], [0.83154228 0.23176471 0.22374262 0.09302258 0.04848235 0.04453235 0.03606644 0.03520509 0.03393656 0.0295588 ], [ 10.8 9.6 8.4 6. 22.8 21.6 33.6 16.8 109.2 36. ], [0.23176471 0.22374262 0.09302258 0.04848235 0.04453235 0.03606644 0.03520509 0.03393656 0.0295588 0.02845802], [0.12020033 0.360601 0.60100167 0.84140234 2.76460768 1.08180301 2.52420701 1.32220367 3.00500835 2.28380634], [0.72067319 0.71463588 0.60318381 0.60300067 0.60146124 0.59608773 0.5952392 0.59521043 0.58305273 0.58304719], [0.12020033 0.360601 0.60100167 0.84140234 2.76460768 1.08180301 2.52420701 1.32220367 3.00500835 2.28380634], [0.72067319 0.71463588 0.60318381 0.60300067 0.60146124 0.59608773 0.5952392 0.59521043 0.58305273 0.58304719]
16-may-10_2.16, [ 0. 16. 4. 28. 48. 76. 172. 136. 100. 64.], [0.25013655 0.00750719 0.00706977 0.00609572 0.00577054 0.00559315 0.00263296 0.00222573 0.00107383 0.00097232], [ 16. 4. 28. 48. 76. 172. 136. 100. 64. 88.], [0.00750719 0.00706977 0.00609572 0.00577054 0.00559315 0.00263296 0.00222573 0.00107383 0.00097232 0.00080472], [13.27374302 6.83798883 14.07821229 7.6424581 12.46927374 6.03351955 8.44692737 14.88268156 5.22905028 11.66480447], [0.29062775 0.29051811 0.2880486 0.28802178 0.28783171 0.28775146 0.28772191 0.28506682 0.28505524 0.28484678], [13.27374302 6.83798883 14.07821229 7.6424581 12.46927374 6.03351955 8.44692737 14.88268156 5.22905028 11.66480447], [0.29062775 0.29051811 0.2880486 0.28802178 0.28783171 0.28775146 0.28772191 0.28506682 0.28505524 0.28484678]
09-aug-23_2.12, [ 0. 4.36363636 19.63636364 29.45454545 25.09090909 26.18181818 28.36363636 18.54545455 34.90909091 40.36363636], [0.36892112 0.08968571 0.06945231 0.02095235 0.01266524 0.0112889 0.00856979 0.00840849 0.0082872 0.00669131], [ 4.36363636 19.63636364 29.45454545 25.09090909 26.18181818 28.36363636 18.54545455 34.90909091 40.36363636 22.90909091], [0.08968571 0.06945231 0.02095235 0.01266524 0.0112889 0.00856979 0.00840849 0.0082872 0.00669131 0.00642847], [0.10925645 0.32776935 0.54628225 0.76479514 0.98330804 1.20182094 2.29438543 2.51289833 2.07587253 1.42033384], [0.98525973 0.96735483 0.79604157 0.79557426 0.79508342 0.79504738 0.78823979 0.78555202 0.7764154 0.77640766], [0.10925645 0.32776935 0.54628225 0.76479514 0.98330804 1.20182094 2.29438543 2.51289833 2.07587253 1.42033384], [0.98525973 0.96735483 0.79604157 0.79557426 0.79508342 0.79504738 0.78823979 0.78555202 0.7764154 0.77640766]
10-jun-24_2.3, [ 0. 1.33333333 20. 17.33333333 21.33333333 29.33333333 8. 12. 52. 56. ], [0.14799879 0.01991339 0.01957078 0.01139293 0.00521128 0.00487633 0.00445617 0.00408587 0.0034086 0.00317411], [ 1.33333333 20. 17.33333333 21.33333333 29.33333333 8. 12. 52. 56. 9.33333333], [0.01991339 0.01957078 0.01139293 0.00521128 0.00487633 0.00445617 0.00408587 0.0034086 0.00317411 0.00304138], [2.27087199 2.5380334 1.20222635 1.46938776 2.00371058 0.93506494 2.80519481 1.73654917 0.66790353 0.40074212], [0.41719665 0.41719468 0.41578338 0.41578144 0.4156781 0.41059792 0.41057902 0.40929392 0.40929125 0.40919693], [2.27087199 2.5380334 1.20222635 1.46938776 2.00371058 0.93506494 2.80519481 1.73654917 0.66790353 0.40074212], [0.41719665 0.41719468 0.41578338 0.41578144 0.4156781 0.41059792 0.41057902 0.40929392 0.40929125 0.40919693]
15-nov-28_2.16, [ 0. 12. 324. 288. 216. 264. 300. 252. 336. 144.], [0.25779681 0.00734846 0.00353222 0.00219438 0.00121179 0.00060869 0.0005256 0.000455 0.00043945 0.00040284], [ 12. 0. 324. 288. 216. 264. 300. 252. 336. 144.], [0.00734846 0.00353222 0.00219438 0.00121179 0.00060869 0.0005256 0.000455 0.00043945 0.00040284 0.0003622 ], [20.74576271 18.30508475 23.18644068 25.62711864 15.86440678 13.42372881 28.06779661 1.22033898 3.66101695 6.10169492], [0.97211117 0.96719196 0.94868762 0.9481541 0.94643988 0.82935224 0.82678908 0.82615335 0.82307365 0.80977039], [20.74576271 18.30508475 23.18644068 25.62711864 15.86440678 13.42372881 28.06779661 1.22033898 3.66101695 6.10169492], [0.97211117 0.96719196 0.94868762 0.9481541 0.94643988 0.82935224 0.82678908 0.82615335 0.82307365 0.80977039]
00-sep-23_2.3, [ 0. 1.33333333 17.33333333 14.66666667 13.33333333 21.33333333 20. 12. 49.33333333 48. ], [0.14397942 0.04038257 0.02232851 0.01789711 0.01773337 0.0120927 0.0105942 0.00783711 0.00637264 0.00598089], [ 1.33333333 17.33333333 14.66666667 13.33333333 21.33333333 20. 12. 49.33333333 48. 52. ], [0.04038257 0.02232851 0.01789711 0.01773337 0.0120927 0.0105942 0.00783711 0.00637264 0.00598089 0.00580227], [1.20222635 0.93506494 1.46938776 0.66790353 0.40074212 0.13358071 1.73654917 2.00371058 2.27087199 2.5380334 ], [0.50111429 0.50110635 0.49963784 0.49963699 0.49952868 0.45863166 0.45861572 0.45733586 0.45733563 0.45724066], [1.20222635 0.93506494 1.46938776 0.66790353 0.40074212 0.13358071 1.73654917 2.00371058 2.27087199 2.5380334 ], [0.50111429 0.50110635 0.49963784 0.49963699 0.49952868 0.45863166 0.45861572 0.45733586 0.45733563 0.45724066]
07-may-29_2.07, [ 0. 24. 14. 30. 28. 64. 34. 48. 62. 72.], [0.64477334 0.10267124 0.0787313 0.03498897 0.03341021 0.01423094 0.01022167 0.00928889 0.00754482 0.00639496], [24. 14. 30. 28. 64. 34. 48. 62. 72. 68.], [0.10267124 0.0787313 0.03498897 0.03341021 0.01423094 0.01022167 0.00928889 0.00754482 0.00639496 0.00594726], [0.2005571 0.60167131 1.00278552 1.40389972 1.80501393 2.20612813 4.21169916 4.61281337 3.81058496 2.60724234], [1.19679236 1.17052517 0.80495783 0.80431674 0.79714255 0.79175077 0.79167553 0.78543641 0.7603336 0.76031082], [0.2005571 0.60167131 1.00278552 1.40389972 1.80501393 2.20612813 4.21169916 4.61281337 3.81058496 2.60724234], [1.19679236 1.17052517 0.80495783 0.80431674 0.79714255 0.79175077 0.79167553 0.78543641 0.7603336 0.76031082]
10-sep-30_2.0, [ 0. 18.85714286 22.28571429 24. 20.57142857 25.71428571 27.42857143 54.85714286 51.42857143 58.28571429], [0.61666064 0.04395782 0.03865396 0.03014027 0.02367043 0.01988444 0.01985424 0.01166053 0.01093286 0.00700429], [18.85714286 22.28571429 24. 20.57142857 25.71428571 27.42857143 54.85714286 51.42857143 58.28571429 56.57142857], [0.04395782 0.03865396 0.03014027 0.02367043 0.01988444 0.01985424 0.01166053 0.01093286 0.00700429 0.00649705], [0.17183771 0.51551313 0.85918854 1.20286396 1.54653938 1.8902148 5.32696897 4.98329356 8.76372315 9.10739857], [0.98715468 0.93556424 0.45073699 0.45007407 0.44894248 0.44884398 0.43960605 0.43401438 0.42329325 0.42327486], [0.17183771 0.51551313 0.85918854 1.20286396 1.54653938 1.8902148 5.32696897 4.98329356 8.76372315 9.10739857], [0.98715468 0.93556424 0.45073699 0.45007407 0.44894248 0.44884398 0.43960605 0.43401438 0.42329325 0.42327486]
07-may-29_2.0, [ 0. 16. 24. 28. 30. 52. 18. 50. 54. 86.], [0.8374818 0.08311477 0.07145825 0.06372651 0.05780224 0.01684816 0.01004244 0.00944727 0.00928826 0.00897371], [16. 24. 28. 30. 52. 18. 50. 54. 86. 48.], [0.08311477 0.07145825 0.06372651 0.05780224 0.01684816 0.01004244 0.00944727 0.00928826 0.00897371 0.00817834], [0.2005571 0.60167131 1.00278552 1.40389972 1.80501393 8.62395543 2.20612813 4.21169916 8.22284123 6.21727019], [0.87409414 0.85436946 0.59105556 0.59063153 0.59057591 0.57695903 0.5705248 0.57051197 0.54827239 0.54825837], [0.2005571 0.60167131 1.00278552 1.40389972 1.80501393 8.62395543 2.20612813 4.21169916 8.22284123 6.21727019], [0.87409414 0.85436946 0.59105556 0.59063153 0.59057591 0.57695903 0.5705248 0.57051197 0.54827239 0.54825837]
12-oct-28_2.16, [ 0. 7.5 6. 9. 18. 34.5 27. 63. 43.5 51. ], [0.69221169 0.18090261 0.08461645 0.03326748 0.01614479 0.0153262 0.01107226 0.00889045 0.00801223 0.00746682], [ 7.5 6. 9. 18. 34.5 27. 63. 43.5 51. 24. ], [0.18090261 0.08461645 0.03326748 0.01614479 0.0153262 0.01107226 0.00889045 0.00801223 0.00746682 0.00581443], [0.15031315 0.45093946 0.75156576 1.05219207 1.35281837 1.65344468 1.95407098 3.45720251 3.75782881 3.1565762 ], [42.48431902 32.85257726 1.02439716 1.02393733 0.99014639 0.98840405 0.91302627 0.91100557 0.9109506 0.9075914 ], [0.15031315 0.45093946 0.75156576 1.05219207 1.35281837 1.65344468 1.95407098 3.45720251 3.75782881 3.1565762 ], [42.48431902 32.85257726 1.02439716 1.02393733 0.99014639 0.98840405 0.91302627 0.91100557 0.9109506 0.9075914 ]
09-sep-30_2.23, [ 0. 19.2 38.4 24. 67.2 69.6 21.6 40.8 36. 62.4], [0.45457794 0.06578396 0.0421436 0.02025877 0.01782197 0.0136353 0.01356096 0.00523907 0.00507728 0.00433475], [19.2 38.4 24. 67.2 69.6 21.6 40.8 36. 62.4 64.8], [0.06578396 0.0421436 0.02025877 0.01782197 0.0136353 0.01356096 0.00523907 0.00507728 0.00433475 0.00426746], [0.24080268 0.72240803 1.20401338 1.68561873 2.16722408 2.64882943 5.05685619 5.53846154 3.13043478 4.57525084], [0.98560795 0.97787443 0.8319703 0.83156874 0.83141416 0.82227828 0.81620581 0.81613221 0.80013276 0.80011819], [0.24080268 0.72240803 1.20401338 1.68561873 2.16722408 2.64882943 5.05685619 5.53846154 3.13043478 4.57525084], [0.98560795 0.97787443 0.8319703 0.83156874 0.83141416 0.82227828 0.81620581 0.81613221 0.80013276 0.80011819]
00-aug-9_2.3, [ 0. 15.6 9.6 13.2 12. 18. 28.8 52.8 72. 69.6], [0.1004914 0.00926147 0.00874106 0.00669809 0.00605736 0.00411644 0.0031712 0.00294046 0.00283209 0.00259719], [15.6 9.6 13.2 12. 18. 28.8 52.8 72. 69.6 39.6], [0.00926147 0.00874106 0.00669809 0.00605736 0.00411644 0.0031712 0.00294046 0.00283209 0.00259719 0.00250207], [3.72621035 3.96661102 2.28380634 6.3706177 2.04340568 3.48580968 6.13021703 2.52420701 0.12020033 6.61101836], [0.29737008 0.29733531 0.29601621 0.29601185 0.29591268 0.26439617 0.26436892 0.263188 0.26318406 0.26309542], [3.72621035 3.96661102 2.28380634 6.3706177 2.04340568 3.48580968 6.13021703 2.52420701 0.12020033 6.61101836], [0.29737008 0.29733531 0.29601621 0.29601185 0.29591268 0.26439617 0.26436892 0.263188 0.26318406 0.26309542]
09-aug-26_2.23, [ 0. 8.4 10.8 13.2 16.8 31.2 19.2 18. 54. 30. ], [0.64761744 0.08776285 0.07178221 0.05583064 0.05287459 0.02565969 0.01840655 0.0183977 0.01771374 0.01742817], [ 8.4 10.8 13.2 16.8 31.2 19.2 18. 54. 30. 33.6], [0.08776285 0.07178221 0.05583064 0.05287459 0.02565969 0.01840655 0.0183977 0.01771374 0.01742817 0.01468518], [0.12020033 0.360601 0.60100167 2.52420701 0.84140234 2.76460768 2.28380634 1.08180301 5.16861436 4.92821369], [0.5262734 0.52458924 0.43711218 0.42948238 0.42941976 0.4235909 0.40495426 0.4049091 0.39540136 0.39539627], [0.12020033 0.360601 0.60100167 2.52420701 0.84140234 2.76460768 2.28380634 1.08180301 5.16861436 4.92821369], [0.5262734 0.52458924 0.43711218 0.42948238 0.42941976 0.4235909 0.40495426 0.4049091 0.39540136 0.39539627]
09-dec-4_2.23, [ 0. 10. 30. 32. 28. 16. 42. 46. 44. 64.], [0.55253466 0.14862712 0.08606149 0.0329901 0.01576304 0.01476829 0.00908905 0.00701678 0.00592769 0.0056179 ], [10. 30. 32. 28. 16. 42. 46. 44. 64. 62.], [0.14862712 0.08606149 0.0329901 0.01576304 0.01476829 0.00908905 0.00701678 0.00592769 0.0056179 0.00560126], [0.2005571 0.60167131 1.00278552 1.40389972 1.80501393 2.20612813 2.60724234 4.61281337 4.21169916 5.01392758], [1.2900049 1.26537086 0.89712587 0.89685561 0.88973091 0.88926488 0.87234005 0.86980571 0.86376657 0.86373605], [0.2005571 0.60167131 1.00278552 1.40389972 1.80501393 2.20612813 2.60724234 4.61281337 4.21169916 5.01392758], [1.2900049 1.26537086 0.89712587 0.89685561 0.88973091 0.88926488 0.87234005 0.86980571 0.86376657 0.86373605]
07-may-1_misc, [ 0. 8. 18.66666667 30.66666667 10.66666667 6.66666667 42.66666667 22.66666667 34.66666667 12. ], [0.52119513 0.15802726 0.07156483 0.04672852 0.04564647 0.03111264 0.02732161 0.02634991 0.0258439 0.02125256], [ 8. 18.66666667 30.66666667 10.66666667 6.66666667 42.66666667 22.66666667 34.66666667 12. 21.33333333], [0.15802726 0.07156483 0.04672852 0.04564647 0.03111264 0.02732161 0.02634991 0.0258439 0.02125256 0.02009154], [0.66790353 0.40074212 0.93506494 0.13358071 1.20222635 1.46938776 1.73654917 3.07235622 2.80519481 3.33951763], [2.46967696 2.43504917 0.76814646 0.76364809 0.69919216 0.69915258 0.6918486 0.69170406 0.69033833 0.69033342], [0.66790353 0.40074212 0.93506494 0.13358071 1.20222635 1.46938776 1.73654917 3.07235622 2.80519481 3.33951763], [2.46967696 2.43504917 0.76814646 0.76364809 0.69919216 0.69915258 0.6918486 0.69170406 0.69033833 0.69033342]
09-sep-12_2.23, [ 0. 12. 28. 9.33333333 10.66666667 25.33333333 16. 13.33333333 41.33333333 54.66666667], [0.59905304 0.10933621 0.06925622 0.04784415 0.0331876 0.0328901 0.02803745 0.02722101 0.02380798 0.02123221], [12. 28. 9.33333333 10.66666667 25.33333333 16. 13.33333333 41.33333333 54.66666667 38.66666667], [0.10933621 0.06925622 0.04784415 0.0331876 0.0328901 0.02803745 0.02722101 0.02380798 0.02123221 0.0128292 ], [2.80519481 2.5380334 3.07235622 0.13358071 0.40074212 0.66790353 0.93506494 1.20222635 2.27087199 5.74397032], [1.43555854 1.43172251 0.49366228 0.49365456 0.49218111 0.49217827 0.49207052 0.43099889 0.43097288 0.42963899], [2.80519481 2.5380334 3.07235622 0.13358071 0.40074212 0.66790353 0.93506494 1.20222635 2.27087199 5.74397032], [1.43555854 1.43172251 0.49366228 0.49365456 0.49218111 0.49217827 0.49207052 0.43099889 0.43097288 0.42963899]
13-mar-2_2.16, [ 0. 9.6 6. 13.2 26.4 12. 34.8 22.8 27.6 21.6], [0.75373274 0.19186435 0.11323092 0.05242674 0.02607552 0.01456044 0.01231399 0.01131782 0.01101308 0.01015405], [ 9.6 6. 13.2 26.4 12. 34.8 22.8 27.6 21.6 19.2], [0.19186435 0.11323092 0.05242674 0.02607552 0.01456044 0.01231399 0.01131782 0.01101308 0.01015405 0.0101246 ], [0.12020033 0.360601 0.60100167 0.84140234 1.08180301 1.32220367 1.56260434 2.76460768 2.52420701 3.96661102], [1.02205512 1.01518549 0.84851831 0.84836383 0.84579007 0.84573193 0.84234218 0.83804135 0.82770524 0.82769656], [0.12020033 0.360601 0.60100167 0.84140234 1.08180301 1.32220367 1.56260434 2.76460768 2.52420701 3.96661102], [1.02205512 1.01518549 0.84851831 0.84836383 0.84579007 0.84573193 0.84234218 0.83804135 0.82770524 0.82769656]
17-feb-15_2.12, [ 0. 5. 10. 20. 8. 21. 23. 15. 18. 25.], [0.71712388 0.19672177 0.07113239 0.04300749 0.03781422 0.03506014 0.03073234 0.02666849 0.02658628 0.02214456], [ 5. 10. 20. 8. 21. 23. 15. 18. 25. 30.], [0.19672177 0.07113239 0.04300749 0.03781422 0.03506014 0.03073234 0.02666849 0.02658628 0.02214456 0.01852001], [0.50069541 0.30041725 0.10013908 0.70097357 0.90125174 1.1015299 1.30180807 1.50208623 3.30458971 3.10431154], [1.21418059 1.19019313 0.83763435 0.83751313 0.82134127 0.82086362 0.80693492 0.80582612 0.80484189 0.80482721], [0.50069541 0.30041725 0.10013908 0.70097357 0.90125174 1.1015299 1.30180807 1.50208623 3.30458971 3.10431154], [1.21418059 1.19019313 0.83763435 0.83751313 0.82134127 0.82086362 0.80693492 0.80582612 0.80484189 0.80482721]
07-may-1_2.16, [ 0. 16. 9.33333333 6.66666667 18.66666667 25.33333333 34.66666667 28. 12. 33.33333333], [0.57985336 0.12248315 0.11410243 0.04086178 0.03683917 0.03354962 0.03106493 0.02215181 0.02164879 0.020499 ], [16. 9.33333333 6.66666667 18.66666667 25.33333333 34.66666667 28. 12. 33.33333333 40. ], [0.12248315 0.11410243 0.04086178 0.03683917 0.03354962 0.03106493 0.02215181 0.02164879 0.020499 0.01954096], [0.13358071 0.40074212 0.66790353 0.93506494 1.20222635 2.80519481 1.46938776 3.07235622 2.5380334 1.73654917], [1.99932217 1.99145491 0.59450407 0.59164757 0.53178149 0.53171272 0.53156298 0.52780478 0.52486647 0.52482323], [0.13358071 0.40074212 0.66790353 0.93506494 1.20222635 2.80519481 1.46938776 3.07235622 2.5380334 1.73654917], [1.99932217 1.99145491 0.59450407 0.59164757 0.53178149 0.53171272 0.53156298 0.52780478 0.52486647 0.52482323]
08-feb-27_misc, [ 0. 6.66666667 18.66666667 9.33333333 30.66666667 21.33333333 13.33333333 42.66666667 16. 45.33333333], [0.64869236 0.11132592 0.09845894 0.06114203 0.05806394 0.03198965 0.02402115 0.0200751 0.01845865 0.01377687], [ 6.66666667 18.66666667 9.33333333 30.66666667 21.33333333 13.33333333 42.66666667 16. 45.33333333 101.33333333], [0.11132592 0.09845894 0.06114203 0.05806394 0.03198965 0.02402115 0.0200751 0.01845865 0.01377687 0.009967 ], [5.74397032 6.01113173 5.47680891 2.5380334 6.27829314 5.2096475 2.80519481 2.27087199 3.07235622 0.13358071], [0.57917488 0.57910911 0.57738816 0.57737969 0.57725412 0.49601072 0.49595761 0.49444419 0.49443664 0.49432643], [5.74397032 6.01113173 5.47680891 2.5380334 6.27829314 5.2096475 2.80519481 2.27087199 3.07235622 0.13358071], [0.57917488 0.57910911 0.57738816 0.57737969 0.57725412 0.49601072 0.49595761 0.49444419 0.49443664 0.49432643]
19-jan-16_2.12, [ 0. 15. 14. 12. 17. 18. 22. 21. 42. 37.], [0.36705255 0.03745642 0.02888133 0.02009787 0.0159464 0.01163731 0.00948104 0.00677364 0.0064542 0.00643941], [15. 14. 12. 17. 18. 22. 21. 42. 37. 38.], [0.03745642 0.02888133 0.02009787 0.0159464 0.01163731 0.00948104 0.00677364 0.0064542 0.00643941 0.00621555], [0.10013908 0.30041725 0.50069541 0.70097357 0.90125174 1.1015299 2.10292072 2.30319889 1.90264256 4.30598053], [0.80488607 0.78955455 0.53563517 0.53527389 0.53042798 0.53040928 0.52914278 0.52226844 0.50925829 0.50925072], [0.10013908 0.30041725 0.50069541 0.70097357 0.90125174 1.1015299 2.10292072 2.30319889 1.90264256 4.30598053], [0.80488607 0.78955455 0.53563517 0.53527389 0.53042798 0.53040928 0.52914278 0.52226844 0.50925829 0.50925072]
10-jun-30_2.12, [ 0. 3.27272727 5.45454545 7.63636364 27.27272727 41.45454545 37.09090909 25.09090909 39.27272727 29.45454545], [0.24893292 0.05294325 0.05051618 0.02275812 0.02087394 0.01207513 0.01160147 0.0111465 0.00677888 0.00626671], [ 3.27272727 5.45454545 7.63636364 27.27272727 41.45454545 37.09090909 25.09090909 39.27272727 29.45454545 34.90909091], [0.05294325 0.05051618 0.02275812 0.02087394 0.01207513 0.01160147 0.0111465 0.00677888 0.00626671 0.00579663], [0.10925645 0.32776935 0.54628225 0.76479514 2.29438543 0.98330804 2.51289833 2.07587253 2.73141123 1.20182094], [0.62774223 0.61614276 0.55524152 0.55496581 0.55318054 0.55315674 0.55257706 0.55125274 0.54503525 0.54503158], [0.10925645 0.32776935 0.54628225 0.76479514 2.29438543 0.98330804 2.51289833 2.07587253 2.73141123 1.20182094], [0.62774223 0.61614276 0.55524152 0.55496581 0.55318054 0.55315674 0.55257706 0.55125274 0.54503525 0.54503158]
15-nov-6_2.16, [ 0. 4. 18. 14. 22. 16. 26. 234. 156. 116.], [0.33362909 0.00902228 0.00663687 0.00643219 0.00563915 0.00554831 0.00511697 0.00420938 0.00373043 0.00357279], [ 4. 18. 14. 22. 16. 26. 234. 156. 116. 50.], [0.00902228 0.00663687 0.00643219 0.00563915 0.00554831 0.00511697 0.00420938 0.00373043 0.00357279 0.00211259], [ 5.41504178 3.00835655 5.81615599 2.60724234 5.01392758 13.0362117 3.40947075 13.43732591 12.63509749 6.21727019], [0.32716737 0.32710109 0.32435449 0.32434189 0.32412488 0.30753331 0.30749773 0.30473416 0.30472724 0.3045076 ], [ 5.41504178 3.00835655 5.81615599 2.60724234 5.01392758 13.0362117 3.40947075 13.43732591 12.63509749 6.21727019], [0.32716737 0.32710109 0.32435449 0.32434189 0.32412488 0.30753331 0.30749773 0.30473416 0.30472724 0.3045076 ]
09-aug-4_2.23, [ 0. 14.4 12. 28.8 31.2 45.6 48. 16.8 88.8 26.4], [0.64009766 0.13370826 0.08559753 0.03011429 0.01434349 0.01241131 0.01106692 0.00911355 0.00846067 0.00750862], [14.4 12. 28.8 31.2 45.6 48. 16.8 88.8 26.4 72. ], [0.13370826 0.08559753 0.03011429 0.01434349 0.01241131 0.01106692 0.00911355 0.00846067 0.00750862 0.00628485], [0.24080268 0.72240803 1.20401338 1.68561873 2.16722408 2.64882943 5.53846154 3.13043478 5.05685619 6.02006689], [1.04365412 1.04348775 0.85273732 0.85266475 0.84937553 0.84277545 0.8426872 0.84101489 0.8228934 0.82287561], [0.24080268 0.72240803 1.20401338 1.68561873 2.16722408 2.64882943 5.53846154 3.13043478 5.05685619 6.02006689], [1.04365412 1.04348775 0.85273732 0.85266475 0.84937553 0.84277545 0.8426872 0.84101489 0.8228934 0.82287561]
10-sep-30_2.07, [ 0. 16.5 6. 18. 34.5 15. 36. 25.5 42. 61.5], [0.36614415 0.08753573 0.05727379 0.02209644 0.01189735 0.00796223 0.00712126 0.00544346 0.00532847 0.00492049], [16.5 6. 18. 34.5 15. 36. 25.5 42. 61.5 63. ], [0.08753573 0.05727379 0.02209644 0.01189735 0.00796223 0.00712126 0.00544346 0.00532847 0.00492049 0.00461771], [0.15031315 0.45093946 0.75156576 1.05219207 1.35281837 1.65344468 1.95407098 3.1565762 3.45720251 2.8559499 ], [30.96980487 27.39092416 0.93602234 0.93564854 0.9169395 0.91471277 0.85825673 0.85189402 0.84254915 0.84248882], [0.15031315 0.45093946 0.75156576 1.05219207 1.35281837 1.65344468 1.95407098 3.1565762 3.45720251 2.8559499 ], [30.96980487 27.39092416 0.93602234 0.93564854 0.9169395 0.91471277 0.85825673 0.85189402 0.84254915 0.84248882]
09-aug-1_2.12, [ 0. 14. 28. 38. 26. 52. 68. 36. 54. 8.], [0.35949533 0.12952694 0.02212046 0.02085979 0.01921483 0.00959479 0.00791625 0.00595927 0.00499589 0.00440887], [14. 28. 38. 26. 52. 68. 36. 54. 8. 40.], [0.12952694 0.02212046 0.02085979 0.01921483 0.00959479 0.00791625 0.00595927 0.00499589 0.00440887 0.00415468], [1.80501393 2.20612813 1.40389972 1.00278552 0.60167131 0.2005571 2.60724234 3.00835655 5.01392758 4.61281337], [1.28224914 1.26942229 0.91366275 0.91316453 0.90509843 0.90503049 0.90500326 0.90483679 0.9043444 0.89722078], [1.80501393 2.20612813 1.40389972 1.00278552 0.60167131 0.2005571 2.60724234 3.00835655 5.01392758 4.61281337], [1.28224914 1.26942229 0.91366275 0.91316453 0.90509843 0.90503049 0.90500326 0.90483679 0.9043444 0.89722078]
17-jan-22_2.16, [ 0. 5. 6. 17. 4. 11. 29. 22. 18. 12.], [1.07589028 0.30016884 0.09906915 0.09418695 0.0371412 0.03697912 0.02038659 0.01637539 0.01555193 0.01489353], [ 5. 6. 17. 4. 11. 29. 22. 18. 12. 10.], [0.30016884 0.09906915 0.09418695 0.0371412 0.03697912 0.02038659 0.01637539 0.01555193 0.01489353 0.01086776], [0.10013908 0.30041725 0.50069541 0.70097357 0.90125174 1.1015299 1.30180807 1.50208623 3.30458971 3.50486787], [1.36567374 1.36403927 0.89009233 0.88997176 0.87337262 0.87335402 0.85129663 0.8512408 0.8493343 0.84931705], [0.10013908 0.30041725 0.50069541 0.70097357 0.90125174 1.1015299 1.30180807 1.50208623 3.30458971 3.50486787], [1.36567374 1.36403927 0.89009233 0.88997176 0.87337262 0.87335402 0.85129663 0.8512408 0.8493343 0.84931705]
10-sep-30_2.3, [ 0. 13.5 16.5 12. 19.5 18. 36. 15. 274.5 37.5], [0.11633568 0.01129718 0.01064466 0.00480334 0.00325597 0.0031683 0.00239254 0.00145987 0.00131601 0.00096725], [ 13.5 16.5 12. 19.5 18. 36. 15. 274.5 37.5 276. ], [0.01129718 0.01064466 0.00480334 0.00325597 0.0031683 0.00239254 0.00145987 0.00131601 0.00096725 0.00074281], [0.15031315 0.45093946 0.75156576 1.05219207 3.1565762 1.35281837 3.45720251 2.8559499 1.65344468 3.75782881], [26.75375936 20.85517161 0.61971816 0.61879606 0.61724787 0.61698787 0.57997746 0.56755214 0.54660831 0.54658106], [0.15031315 0.45093946 0.75156576 1.05219207 3.1565762 1.35281837 3.45720251 2.8559499 1.65344468 3.75782881], [26.75375936 20.85517161 0.61971816 0.61879606 0.61724787 0.61698787 0.57997746 0.56755214 0.54660831 0.54658106]
10-jun-30_2.3, [ 0. 3.27272727 5.45454545 38.18181818 15.27272727 36. 33.81818182 45.81818182 43.63636364 44.72727273], [0.11299491 0.01672574 0.00749743 0.00714588 0.00410908 0.0038563 0.00375904 0.00375794 0.00257693 0.00232475], [ 3.27272727 5.45454545 38.18181818 15.27272727 36. 33.81818182 45.81818182 43.63636364 44.72727273 41.45454545], [0.01672574 0.00749743 0.00714588 0.00410908 0.0038563 0.00375904 0.00375794 0.00257693 0.00232475 0.00221581], [2.29438543 2.51289833 2.07587253 2.73141123 1.85735964 2.94992413 1.63884674 3.16843703 4.47951442 4.69802731], [0.59422712 0.59418782 0.59047354 0.59046656 0.59017925 0.56255737 0.56253519 0.55897606 0.55896941 0.55869469], [2.29438543 2.51289833 2.07587253 2.73141123 1.85735964 2.94992413 1.63884674 3.16843703 4.47951442 4.69802731], [0.59422712 0.59418782 0.59047354 0.59046656 0.59017925 0.56255737 0.56253519 0.55897606 0.55896941 0.55869469]
19-jan-16_2.16, [ 0. 12. 168. 192. 324. 252. 336. 72. 132. 312.], [0.23403177 0.01455708 0.00102351 0.00055941 0.00049377 0.00044951 0.00041178 0.00040623 0.00040225 0.00038137], [ 12. 168. 192. 324. 252. 336. 72. 132. 312. 108.], [0.01455708 0.00102351 0.00055941 0.00049377 0.00044951 0.00041178 0.00040623 0.00040225 0.00038137 0.00037883], [13.42372881 10.98305085 8.54237288 6.10169492 15.86440678 3.66101695 1.22033898 18.30508475 20.74576271 30.50847458], [6.31935705 5.47502394 1.00368998 0.99990984 0.99139877 0.99131492 0.98102191 0.98066171 0.97890086 0.96984325], [13.42372881 10.98305085 8.54237288 6.10169492 15.86440678 3.66101695 1.22033898 18.30508475 20.74576271 30.50847458], [6.31935705 5.47502394 1.00368998 0.99990984 0.99139877 0.99131492 0.98102191 0.98066171 0.97890086 0.96984325]
00-oct-4_2.03, [ 0. 37.71428571 41.14285714 34.28571429 25.71428571 29.14285714 49.71428571 46.28571429 44.57142857 32.57142857], [0.61493627 0.02707022 0.02251698 0.02072232 0.01792761 0.01573642 0.01562408 0.01524379 0.01376987 0.01354533], [37.71428571 41.14285714 34.28571429 25.71428571 29.14285714 49.71428571 46.28571429 44.57142857 32.57142857 53.14285714], [0.02707022 0.02251698 0.02072232 0.01792761 0.01573642 0.01562408 0.01524379 0.01376987 0.01354533 0.01177539], [ 5.32696897 4.98329356 3.26491647 12.20047733 12.54415274 5.67064439 2.92124105 3.60859189 7.38902148 15.98090692], [0.2118612 0.20900454 0.19262185 0.19248365 0.18982234 0.18980663 0.18957859 0.18115077 0.18107548 0.17846416], [ 5.32696897 4.98329356 3.26491647 12.20047733 12.54415274 5.67064439 2.92124105 3.60859189 7.38902148 15.98090692], [0.2118612 0.20900454 0.19262185 0.19248365 0.18982234 0.18980663 0.18957859 0.18115077 0.18107548 0.17846416]
09-sep-27_2.23, [ 0. 14. 28. 22. 42. 12. 26. 36. 38. 68.], [0.50883083 0.16280224 0.07776749 0.02740879 0.01408713 0.01345434 0.00988965 0.00841242 0.00679228 0.00643208], [14. 28. 22. 42. 12. 26. 36. 38. 68. 58.], [0.16280224 0.07776749 0.02740879 0.01408713 0.01345434 0.00988965 0.00841242 0.00679228 0.00643208 0.00598279], [1.00278552 1.40389972 0.60167131 0.2005571 1.80501393 2.20612813 2.60724234 4.61281337 4.21169916 5.01392758], [1.2649741 1.24000312 0.89702367 0.89674667 0.87695641 0.876481 0.87177339 0.87041745 0.86433032 0.8643 ], [1.00278552 1.40389972 0.60167131 0.2005571 1.80501393 2.20612813 2.60724234 4.61281337 4.21169916 5.01392758], [1.2649741 1.24000312 0.89702367 0.89674667 0.87695641 0.876481 0.87177339 0.87041745 0.86433032 0.8643 ]
07-feb-24_misc, [ 0. 5.14285714 17.14285714 29.14285714 20.57142857 8.57142857 25.71428571 130.28571429 41.14285714 118.28571429], [0.3956654 0.07970647 0.05484371 0.02754826 0.02519886 0.01453394 0.01022328 0.00794137 0.00676483 0.00598014], [ 5.14285714 17.14285714 29.14285714 20.57142857 8.57142857 25.71428571 130.28571429 41.14285714 118.28571429 106.28571429], [0.07970647 0.05484371 0.02754826 0.02519886 0.01453394 0.01022328 0.00794137 0.00676483 0.00598014 0.00437301], [0.51551313 0.17183771 0.85918854 1.20286396 1.54653938 1.8902148 3.60859189 3.26491647 3.9522673 4.29594272], [1.14271207 1.0547418 0.82736116 0.82725313 0.81968922 0.81853089 0.80947102 0.80937442 0.80538086 0.80536412], [0.51551313 0.17183771 0.85918854 1.20286396 1.54653938 1.8902148 3.60859189 3.26491647 3.9522673 4.29594272], [1.14271207 1.0547418 0.82736116 0.82725313 0.81968922 0.81853089 0.80947102 0.80937442 0.80538086 0.80536412]
15-nov-21_2.16, [ 0. 6. 258. 246. 348. 108. 96. 156. 84. 234.], [0.24837103 0.00556064 0.00532373 0.00531891 0.00168024 0.00125169 0.00092317 0.00078614 0.00075987 0.00070206], [ 6. 258. 246. 348. 108. 96. 156. 84. 234. 324.], [0.00556064 0.00532373 0.00531891 0.00168024 0.00125169 0.00092317 0.00078614 0.00075987 0.00070206 0.00056346], [23.59663866 4.23529412 5.44537815 3.02521008 22.38655462 1.81512605 17.54621849 0.60504202 18.75630252 24.80672269], [0.68555631 0.55106896 0.33030765 0.33008238 0.32356231 0.32295637 0.3228092 0.3222001 0.32217215 0.31579758], [23.59663866 4.23529412 5.44537815 3.02521008 22.38655462 1.81512605 17.54621849 0.60504202 18.75630252 24.80672269], [0.68555631 0.55106896 0.33030765 0.33008238 0.32356231 0.32295637 0.3228092 0.3222001 0.32217215 0.31579758]
06-apr-15_misc, [ 0. 12. 9.6 31.2 33.6 14.4 19.2 48. 86.4 122.4], [0.26556097 0.07579756 0.03564201 0.01064918 0.00947022 0.00606076 0.00552879 0.00471071 0.00322057 0.0028238 ], [ 12. 9.6 31.2 33.6 14.4 19.2 48. 86.4 122.4 98.4], [0.07579756 0.03564201 0.01064918 0.00947022 0.00606076 0.00552879 0.00471071 0.00322057 0.0028238 0.00278851], [0.24080268 0.72240803 1.20401338 1.68561873 2.16722408 2.64882943 3.13043478 5.53846154 5.05685619 6.02006689], [1.0645119 1.05649251 0.89167687 0.89156843 0.8844121 0.88413252 0.8735071 0.87347321 0.87272129 0.87270347], [0.24080268 0.72240803 1.20401338 1.68561873 2.16722408 2.64882943 3.13043478 5.53846154 5.05685619 6.02006689], [1.0645119 1.05649251 0.89167687 0.89156843 0.8844121 0.88413252 0.8735071 0.87347321 0.87272129 0.87270347]
08-apr-23_misc, [ 0. 13.33333333 28. 25.33333333 17.33333333 26.66666667 12. 29.33333333 57.33333333 56. ], [0.76776211 0.04538937 0.04134085 0.03577358 0.03278043 0.03146115 0.0289151 0.02626656 0.02612846 0.02091731], [13.33333333 28. 25.33333333 17.33333333 26.66666667 12. 29.33333333 57.33333333 56. 30.66666667], [0.04538937 0.04134085 0.03577358 0.03278043 0.03146115 0.0289151 0.02626656 0.02612846 0.02091731 0.02046365], [6.01113173 5.74397032 8.14842301 8.41558442 6.27829314 7.8812616 4.14100186 3.87384045 8.68274583 5.47680891], [0.21866729 0.21486307 0.18776367 0.1877485 0.18718288 0.18718023 0.18713911 0.18440505 0.18438577 0.1838231 ], [6.01113173 5.74397032 8.14842301 8.41558442 6.27829314 7.8812616 4.14100186 3.87384045 8.68274583 5.47680891], [0.21866729 0.21486307 0.18776367 0.1877485 0.18718288 0.18718023 0.18713911 0.18440505 0.18438577 0.1838231 ]
10-sep-30_2.12, [ 0. 20.4 6. 8.4 9.6 21.6 32.4 7.2 19.2 22.8], [0.25115722 0.04120716 0.03228905 0.02967831 0.01477058 0.00743978 0.00682006 0.00673768 0.00582367 0.00575826], [20.4 6. 8.4 9.6 21.6 32.4 7.2 19.2 22.8 33.6], [0.04120716 0.03228905 0.02967831 0.01477058 0.00743978 0.00682006 0.00673768 0.00582367 0.00575826 0.00537988], [3.96661102 2.52420701 0.12020033 0.360601 2.28380634 0.60100167 3.72621035 4.20701169 0.84140234 2.76460768], [0.45308346 0.45222583 0.40923084 0.40917397 0.40736894 0.40736239 0.40722661 0.38704777 0.3869949 0.38529679], [3.96661102 2.52420701 0.12020033 0.360601 2.28380634 0.60100167 3.72621035 4.20701169 0.84140234 2.76460768], [0.45308346 0.45222583 0.40923084 0.40917397 0.40736894 0.40736239 0.40722661 0.38704777 0.3869949 0.38529679]
09-oct-19_misc, [ 0. 39. 42. 36. 48. 141. 51. 33. 81. 45.], [0.26891481 0.02705167 0.02181558 0.01374345 0.00961941 0.00515309 0.00350106 0.00337078 0.00290884 0.00208419], [ 39. 42. 36. 48. 141. 51. 33. 81. 45. 54.], [0.02705167 0.02181558 0.01374345 0.00961941 0.00515309 0.00350106 0.00337078 0.00290884 0.00208419 0.00149901], [0.30125523 0.90376569 1.50627615 2.10878661 2.71129707 3.31380753 6.32635983 6.92887029 5.72384937 9.94142259], [17.58064579 16.79212145 0.75901555 0.75880089 0.75865055 0.75860556 0.70981853 0.69575638 0.67230457 0.67220526], [0.30125523 0.90376569 1.50627615 2.10878661 2.71129707 3.31380753 6.32635983 6.92887029 5.72384937 9.94142259], [17.58064579 16.79212145 0.75901555 0.75880089 0.75865055 0.75860556 0.70981853 0.69575638 0.67230457 0.67220526]
09-aug-23_2.16, [ 0. 4.36363636 22.90909091 19.63636364 38.18181818 29.45454545 28.36363636 44.72727273 43.63636364 3.27272727], [0.42383971 0.09360108 0.0753591 0.02984691 0.01361776 0.01321785 0.01228127 0.01041994 0.00977068 0.00962278], [ 4.36363636 22.90909091 19.63636364 38.18181818 29.45454545 28.36363636 44.72727273 43.63636364 3.27272727 53.45454545], [0.09360108 0.0753591 0.02984691 0.01361776 0.01321785 0.01228127 0.01041994 0.00977068 0.00962278 0.00720276], [0.10925645 0.32776935 0.54628225 0.76479514 0.98330804 1.20182094 2.29438543 2.51289833 2.07587253 1.42033384], [0.93611036 0.91835722 0.7725356 0.77207569 0.76843759 0.76842311 0.76698887 0.76348447 0.75185306 0.75184676], [0.10925645 0.32776935 0.54628225 0.76479514 0.98330804 1.20182094 2.29438543 2.51289833 2.07587253 1.42033384], [0.93611036 0.91835722 0.7725356 0.77207569 0.76843759 0.76842311 0.76698887 0.76348447 0.75185306 0.75184676]
19-jan-6_2.16, [ 0. 12. 52. 24. 84. 244. 224. 208. 160. 112.], [0.29106647 0.00799567 0.0073806 0.00690577 0.0066875 0.00341856 0.00080979 0.00077657 0.00061679 0.00060289], [ 12. 52. 24. 84. 244. 224. 208. 160. 112. 144.], [0.00799567 0.0073806 0.00690577 0.0066875 0.00341856 0.00080979 0.00077657 0.00061679 0.00060289 0.00057689], [10.05586592 10.8603352 9.25139665 11.66480447 0.40223464 1.20670391 2.01117318 14.88268156 2.81564246 8.44692737], [0.40754093 0.39500885 0.36317591 0.36285101 0.35984412 0.35981106 0.35957275 0.35462246 0.35431889 0.35132325], [10.05586592 10.8603352 9.25139665 11.66480447 0.40223464 1.20670391 2.01117318 14.88268156 2.81564246 8.44692737], [0.40754093 0.39500885 0.36317591 0.36285101 0.35984412 0.35981106 0.35957275 0.35462246 0.35431889 0.35132325]
00-dec-29_2.07, [ 0. 20.4 48. 52.8 26.4 44.4 46.8 42. 22.8 50.4], [0.43775996 0.0222102 0.01950715 0.01842781 0.015915 0.014727 0.01315582 0.01306357 0.01302445 0.01184377], [20.4 48. 52.8 26.4 44.4 46.8 42. 22.8 50.4 51.6], [0.0222102 0.01950715 0.01842781 0.015915 0.014727 0.01315582 0.01306357 0.01302445 0.01184377 0.01129202], [12.14023372 12.38063439 0.12020033 0.360601 0.60100167 0.84140234 11.89983306 1.08180301 6.13021703 5.88981636], [0.18491177 0.18485491 0.18404295 0.18403449 0.18397469 0.18241704 0.1803427 0.17076526 0.17071957 0.16996735], [12.14023372 12.38063439 0.12020033 0.360601 0.60100167 0.84140234 11.89983306 1.08180301 6.13021703 5.88981636], [0.18491177 0.18485491 0.18404295 0.18403449 0.18397469 0.18241704 0.1803427 0.17076526 0.17071957 0.16996735]
00-aug-18_2.3, [ 0. 9. 8. 11. 10. 21. 32. 19. 16. 22.], [0.14545576 0.02527983 0.01100936 0.01084296 0.00851021 0.00559692 0.00472527 0.00410627 0.00364818 0.00294064], [ 9. 8. 11. 10. 21. 32. 19. 16. 22. 23.], [0.02527983 0.01100936 0.01084296 0.00851021 0.00559692 0.00472527 0.00410627 0.00364818 0.00294064 0.00265959], [1.90264256 2.10292072 1.70236439 2.30319889 1.50208623 4.30598053 5.30737135 4.10570236 3.10431154 5.50764951], [0.6147334 0.6146178 0.60922488 0.60921384 0.60878188 0.52331179 0.52329775 0.51886824 0.51886133 0.51850869], [1.90264256 2.10292072 1.70236439 2.30319889 1.50208623 4.30598053 5.30737135 4.10570236 3.10431154 5.50764951], [0.6147334 0.6146178 0.60922488 0.60921384 0.60878188 0.52331179 0.52329775 0.51886824 0.51886133 0.51850869]
16-dec-22_2.12, [ 0. 8. 6.66666667 21.33333333 26.66666667 5.33333333 29.33333333 14.66666667 28. 50.66666667], [0.58516359 0.18731673 0.09250216 0.0298187 0.02843291 0.01658332 0.01586702 0.01257297 0.01136295 0.00931283], [ 8. 6.66666667 21.33333333 26.66666667 5.33333333 29.33333333 14.66666667 28. 50.66666667 37.33333333], [0.18731673 0.09250216 0.0298187 0.02843291 0.01658332 0.01586702 0.01257297 0.01136295 0.00931283 0.0090902 ], [0.13358071 0.40074212 0.66790353 0.93506494 1.20222635 1.46938776 1.73654917 3.07235622 2.80519481 3.33951763], [3.90416804 3.87551696 1.01633261 1.01424456 0.89077035 0.89068419 0.88705472 0.88700025 0.88678632 0.88272873], [0.13358071 0.40074212 0.66790353 0.93506494 1.20222635 1.46938776 1.73654917 3.07235622 2.80519481 3.33951763], [3.90416804 3.87551696 1.01633261 1.01424456 0.89077035 0.89068419 0.88705472 0.88700025 0.88678632 0.88272873]
10-jun-24_2.17, [ 0. 12. 16.8 33.6 28.8 50.4 38.4 21.6 98.4 115.2], [0.28527264 0.01659624 0.00909735 0.00695072 0.00544741 0.00376631 0.00362808 0.00202769 0.0018767 0.00162239], [ 12. 16.8 33.6 28.8 50.4 38.4 21.6 98.4 115.2 62.4], [0.01659624 0.00909735 0.00695072 0.00544741 0.00376631 0.00362808 0.00202769 0.0018767 0.00162239 0.00161728], [0.24080268 0.72240803 1.20401338 1.68561873 2.16722408 2.64882943 3.13043478 3.61204013 4.09364548 4.57525084], [0.93212204 0.92134668 0.84018413 0.83894015 0.83861794 0.83335009 0.82494148 0.82486798 0.81391531 0.81390949], [0.24080268 0.72240803 1.20401338 1.68561873 2.16722408 2.64882943 3.13043478 3.61204013 4.09364548 4.57525084], [0.93212204 0.92134668 0.84018413 0.83894015 0.83861794 0.83335009 0.82494148 0.82486798 0.81391531 0.81390949]
17-feb-15_2.16, [ 0. 20.4 4.8 9.6 22.8 18. 7.2 46.8 25.2 69.6], [0.65825578 0.16118363 0.09278823 0.04236733 0.03827454 0.03288149 0.03149131 0.02338386 0.02277513 0.01586352], [20.4 4.8 9.6 22.8 18. 7.2 46.8 25.2 69.6 81.6], [0.16118363 0.09278823 0.04236733 0.03827454 0.03288149 0.03149131 0.02338386 0.02277513 0.01586352 0.01509015], [0.12020033 0.360601 0.60100167 0.84140234 1.08180301 1.32220367 1.56260434 2.76460768 2.52420701 1.80300501], [0.93924799 0.93192317 0.78579041 0.78562004 0.78125498 0.78121799 0.78104841 0.77654232 0.76508373 0.76507646], [0.12020033 0.360601 0.60100167 0.84140234 1.08180301 1.32220367 1.56260434 2.76460768 2.52420701 1.80300501], [0.93924799 0.93192317 0.78579041 0.78562004 0.78125498 0.78121799 0.78104841 0.77654232 0.76508373 0.76507646]
09-aug-4_misc, [ 0. 1.09090909 9.81818182 6.54545455 18.54545455 28.36363636 30.54545455 21.81818182 16.36363636 40.36363636], [0.94351854 0.22095784 0.12571009 0.11581229 0.04906611 0.04715159 0.04231705 0.034717 0.0306655 0.02801383], [ 1.09090909 9.81818182 6.54545455 18.54545455 28.36363636 30.54545455 21.81818182 16.36363636 40.36363636 39.27272727], [0.22095784 0.12571009 0.11581229 0.04906611 0.04715159 0.04231705 0.034717 0.0306655 0.02801383 0.02783042], [1.85735964 2.07587253 1.63884674 2.29438543 1.42033384 2.51289833 1.20182094 5.79059181 5.57207891 6.0091047 ], [0.71460034 0.71452224 0.70955801 0.70955445 0.70916707 0.63028589 0.63028277 0.62613618 0.62613038 0.62581038], [1.85735964 2.07587253 1.63884674 2.29438543 1.42033384 2.51289833 1.20182094 5.79059181 5.57207891 6.0091047 ], [0.71460034 0.71452224 0.70955801 0.70955445 0.70916707 0.63028589 0.63028277 0.62613618 0.62613038 0.62581038]
00-dec-29_2.3, [ 0. 15. 33. 9. 14. 49. 54. 23. 44. 13.], [0.1782048 0.02487813 0.00940951 0.00874408 0.00841682 0.00713237 0.00680728 0.00562987 0.00537121 0.00467146], [15. 33. 9. 14. 49. 54. 23. 44. 13. 16.], [0.02487813 0.00940951 0.00874408 0.00841682 0.00713237 0.00680728 0.00562987 0.00537121 0.00467146 0.00385726], [0.50069541 0.30041725 0.10013908 0.70097357 0.90125174 1.1015299 1.30180807 1.50208623 3.30458971 3.50486787], [0.8430599 0.83353332 0.55903941 0.5589778 0.54757723 0.54740267 0.54033694 0.5397928 0.53480661 0.53479674], [0.50069541 0.30041725 0.10013908 0.70097357 0.90125174 1.1015299 1.30180807 1.50208623 3.30458971 3.50486787], [0.8430599 0.83353332 0.55903941 0.5589778 0.54757723 0.54740267 0.54033694 0.5397928 0.53480661 0.53479674]
09-aug-1_2.16, [ 0. 4. 6. 19. 28. 7. 13. 15. 26. 11.], [0.62493912 0.21484146 0.07374645 0.07160364 0.05689437 0.04279892 0.03936511 0.02665758 0.02474762 0.0240952 ], [ 4. 6. 19. 28. 7. 13. 15. 26. 11. 12.], [0.21484146 0.07374645 0.07160364 0.05689437 0.04279892 0.03936511 0.02665758 0.02474762 0.0240952 0.01871973], [1.1015299 1.30180807 0.90125174 0.70097357 0.50069541 1.50208623 0.30041725 0.10013908 1.70236439 3.50486787], [0.71750895 0.71718331 0.71104824 0.71104206 0.71053978 0.66785005 0.66741659 0.6615825 0.66157334 0.6610924 ], [1.1015299 1.30180807 0.90125174 0.70097357 0.50069541 1.50208623 0.30041725 0.10013908 1.70236439 3.50486787], [0.71750895 0.71718331 0.71104824 0.71104206 0.71053978 0.66785005 0.66741659 0.6615825 0.66157334 0.6610924 ]
09-aug-4_2.3, [ 0. 1.5 6. 9. 33. 61.5 31.5 15. 82.5 118.5], [0.09927516 0.00514771 0.00362167 0.00288312 0.00271806 0.00162871 0.00157824 0.00149484 0.00146198 0.00140899], [ 1.5 6. 9. 33. 61.5 31.5 15. 82.5 118.5 57. ], [0.00514771 0.00362167 0.00288312 0.00271806 0.00162871 0.00157824 0.00149484 0.00146198 0.00140899 0.00129945], [2.25469729 2.55532359 0.15031315 4.35908142 0.45093946 0.75156576 4.05845511 4.65970772 2.8559499 1.95407098], [3.65014358 2.030632 0.43040191 0.43035474 0.42897098 0.42801312 0.42065791 0.42063804 0.4197373 0.41919391], [2.25469729 2.55532359 0.15031315 4.35908142 0.45093946 0.75156576 4.05845511 4.65970772 2.8559499 1.95407098], [3.65014358 2.030632 0.43040191 0.43035474 0.42897098 0.42801312 0.42065791 0.42063804 0.4197373 0.41919391]
09-aug-13_2.16, [ 0. 13.09090909 15.27272727 16.36363636 14.18181818 12. 27.27272727 51.27272727 33.81818182 50.18181818], [0.46308896 0.05724855 0.05591135 0.05563716 0.05212239 0.04378334 0.04124914 0.03126947 0.02924481 0.02821306], [13.09090909 15.27272727 16.36363636 14.18181818 12. 27.27272727 51.27272727 33.81818182 50.18181818 34.90909091], [0.05724855 0.05591135 0.05563716 0.05212239 0.04378334 0.04124914 0.03126947 0.02924481 0.02821306 0.02659756], [1.85735964 1.63884674 5.79059181 5.57207891 2.07587253 3.16843703 1.42033384 4.47951442 6.0091047 4.26100152], [0.21417233 0.21415282 0.21282072 0.21281972 0.212716 0.20766208 0.20765345 0.20630995 0.2063082 0.20620441], [1.85735964 1.63884674 5.79059181 5.57207891 2.07587253 3.16843703 1.42033384 4.47951442 6.0091047 4.26100152], [0.21417233 0.21415282 0.21282072 0.21281972 0.212716 0.20766208 0.20765345 0.20630995 0.2063082 0.20620441]
12-jan-27_2.0, [ 0. 16. 22. 18. 20. 48. 24. 46. 50. 52.], [0.84881478 0.04586117 0.04368654 0.03728274 0.03296687 0.02902256 0.02374811 0.02306998 0.02232525 0.01935919], [16. 22. 18. 20. 48. 24. 46. 50. 52. 28.], [0.04586117 0.04368654 0.03728274 0.03296687 0.02902256 0.02374811 0.02306998 0.02232525 0.01935919 0.01148784], [0.2005571 0.60167131 1.00278552 1.40389972 1.80501393 5.41504178 5.81615599 3.00835655 5.01392758 3.40947075], [0.64049667 0.6218723 0.55249878 0.53645518 0.53606659 0.53132401 0.4944478 0.4944422 0.48425944 0.48425263], [0.2005571 0.60167131 1.00278552 1.40389972 1.80501393 5.41504178 5.81615599 3.00835655 5.01392758 3.40947075], [0.64049667 0.6218723 0.55249878 0.53645518 0.53606659 0.53132401 0.4944478 0.4944422 0.48425944 0.48425263]
17-feb-3_2.16, [ 0. 22.66666667 25.33333333 29.33333333 20. 32. 34.66666667 26.66666667 28. 124. ], [0.36799133 0.01708786 0.01586992 0.01110924 0.01001278 0.00968964 0.00935597 0.00626797 0.00569328 0.00568929], [ 22.66666667 25.33333333 29.33333333 20. 32. 34.66666667 26.66666667 28. 124. 53.33333333], [0.01708786 0.01586992 0.01110924 0.01001278 0.00968964 0.00935597 0.00626797 0.00569328 0.00568929 0.00542463], [2.27087199 2.5380334 3.87384045 0.13358071 4.14100186 0.40074212 0.66790353 3.60667904 2.80519481 2.00371058], [0.4497281 0.44362379 0.2311502 0.23111432 0.23038657 0.23038434 0.23033034 0.22508912 0.22506586 0.22438136], [2.27087199 2.5380334 3.87384045 0.13358071 4.14100186 0.40074212 0.66790353 3.60667904 2.80519481 2.00371058], [0.4497281 0.44362379 0.2311502 0.23111432 0.23038657 0.23038434 0.23033034 0.22508912 0.22506586 0.22438136]
10-sep-30_2.03, [ 0. 18.85714286 22.28571429 20.57142857 24. 25.71428571 42.85714286 27.42857143 65.14285714 66.85714286], [0.47550261 0.04501003 0.03386011 0.02612515 0.02183848 0.01470122 0.01459442 0.00714664 0.00588892 0.00576653], [18.85714286 22.28571429 20.57142857 24. 25.71428571 42.85714286 27.42857143 65.14285714 66.85714286 96. ], [0.04501003 0.03386011 0.02612515 0.02183848 0.01470122 0.01459442 0.00714664 0.00588892 0.00576653 0.00564577], [0.17183771 0.51551313 0.85918854 1.20286396 1.54653938 1.8902148 5.32696897 5.67064439 2.23389021 4.98329356], [1.55266034 1.54184363 0.59405599 0.59386494 0.58882753 0.58874148 0.57459501 0.56366887 0.54381362 0.54378467], [0.17183771 0.51551313 0.85918854 1.20286396 1.54653938 1.8902148 5.32696897 5.67064439 2.23389021 4.98329356], [1.55266034 1.54184363 0.59405599 0.59386494 0.58882753 0.58874148 0.57459501 0.56366887 0.54381362 0.54378467]
07-may-29_2.17, [ 0. 24. 16. 28. 20. 14. 50. 34. 52. 56.], [0.83285592 0.1344953 0.07025373 0.06187518 0.03998167 0.02417512 0.02116286 0.02030496 0.01508102 0.00929331], [24. 16. 28. 20. 14. 50. 34. 52. 56. 76.], [0.1344953 0.07025373 0.06187518 0.03998167 0.02417512 0.02116286 0.02030496 0.01508102 0.00929331 0.00883275], [0.2005571 0.60167131 1.00278552 1.40389972 1.80501393 2.20612813 2.60724234 6.6183844 4.21169916 6.21727019], [1.22029577 1.20854445 0.80141789 0.80123705 0.7958005 0.79552134 0.78955337 0.78042885 0.76176894 0.76173763], [0.2005571 0.60167131 1.00278552 1.40389972 1.80501393 2.20612813 2.60724234 6.6183844 4.21169916 6.21727019], [1.22029577 1.20854445 0.80141789 0.80123705 0.7958005 0.79552134 0.78955337 0.78042885 0.76176894 0.76173763]
00-oct-4_2.0, [ 0. 3.42857143 34.28571429 37.71428571 42.85714286 39.42857143 30.85714286 46.28571429 70.28571429 66.85714286], [0.55399163 0.03147576 0.01937751 0.01588039 0.01391316 0.01348025 0.01335732 0.01224196 0.0085764 0.00794099], [ 3.42857143 34.28571429 37.71428571 42.85714286 39.42857143 30.85714286 46.28571429 70.28571429 66.85714286 41.14285714], [0.03147576 0.01937751 0.01588039 0.01391316 0.01348025 0.01335732 0.01224196 0.0085764 0.00794099 0.00673627], [ 4.98329356 4.63961814 5.32696897 4.29594272 5.67064439 3.9522673 13.91885442 14.26252983 13.575179 10.13842482], [0.39095525 0.3908268 0.38516314 0.38513731 0.38465604 0.38218454 0.38204067 0.37632631 0.37630121 0.37581478], [ 4.98329356 4.63961814 5.32696897 4.29594272 5.67064439 3.9522673 13.91885442 14.26252983 13.575179 10.13842482], [0.39095525 0.3908268 0.38516314 0.38513731 0.38465604 0.38218454 0.38204067 0.37632631 0.37630121 0.37581478]
17-mar-27_2.12, [ 0. 2.4 19.2 24. 7.2 21.6 31.2 43.2 26.4 33.6], [0.34700189 0.02127496 0.01098778 0.00875163 0.00781078 0.0045533 0.0039714 0.00295868 0.00289853 0.00265748], [ 2.4 19.2 24. 7.2 21.6 31.2 43.2 26.4 33.6 67.2], [0.02127496 0.01098778 0.00875163 0.00781078 0.0045533 0.0039714 0.00295868 0.00289853 0.00265748 0.00161266], [ 4.09364548 4.57525084 3.61204013 5.05685619 3.13043478 5.53846154 2.64882943 6.02006689 18.06020067 18.54180602], [0.7196898 0.7195191 0.71604873 0.71603375 0.71577178 0.65113932 0.6510335 0.64806352 0.64805114 0.64782804], [ 4.09364548 4.57525084 3.61204013 5.05685619 3.13043478 5.53846154 2.64882943 6.02006689 18.06020067 18.54180602], [0.7196898 0.7195191 0.71604873 0.71603375 0.71577178 0.65113932 0.6510335 0.64806352 0.64805114 0.64782804]
17-mar-27_2.16, [ 0. 15.42857143 6.85714286 3.42857143 24. 18.85714286 8.57142857 30.85714286 42.85714286 27.42857143], [0.3260825 0.01039184 0.00856693 0.00650795 0.00578593 0.00554807 0.00544837 0.00519826 0.00500665 0.00411368], [15.42857143 6.85714286 3.42857143 24. 18.85714286 8.57142857 30.85714286 42.85714286 27.42857143 29.14285714], [0.01039184 0.00856693 0.00650795 0.00578593 0.00554807 0.00544837 0.00519826 0.00500665 0.00411368 0.00392455], [4.98329356 4.63961814 5.32696897 4.29594272 5.67064439 3.9522673 6.01431981 3.60859189 3.26491647 6.35799523], [0.24482639 0.24480676 0.24122708 0.24121444 0.24091107 0.23569771 0.23556606 0.23414287 0.2340028 0.23211724], [4.98329356 4.63961814 5.32696897 4.29594272 5.67064439 3.9522673 6.01431981 3.60859189 3.26491647 6.35799523], [0.24482639 0.24480676 0.24122708 0.24121444 0.24091107 0.23569771 0.23556606 0.23414287 0.2340028 0.23211724]
00-dec-29_2.0, [ 0. 3.42857143 10.28571429 37.71428571 22.28571429 49.71428571 44.57142857 61.71428571 56.57142857 25.71428571], [0.54865102 0.02954942 0.0267366 0.01914629 0.01326176 0.01080111 0.0105077 0.00963705 0.00855859 0.0082725 ], [ 3.42857143 10.28571429 37.71428571 22.28571429 49.71428571 44.57142857 61.71428571 56.57142857 25.71428571 72. ], [0.02954942 0.0267366 0.01914629 0.01326176 0.01080111 0.0105077 0.00963705 0.00855859 0.0082725 0.00770574], [11.85680191 11.51312649 3.26491647 12.20047733 2.92124105 3.60859189 3.9522673 11.16945107 2.57756563 4.29594272], [0.29665175 0.29637173 0.29222313 0.29217528 0.2918277 0.27891336 0.27866832 0.27472772 0.27468415 0.27435423], [11.85680191 11.51312649 3.26491647 12.20047733 2.92124105 3.60859189 3.9522673 11.16945107 2.57756563 4.29594272], [0.29665175 0.29637173 0.29222313 0.29217528 0.2918277 0.27891336 0.27866832 0.27472772 0.27468415 0.27435423]
09-sep-12_2.12, [ 0. 12. 9.33333333 28. 30.66666667 33.33333333 10.66666667 41.33333333 54.66666667 6.66666667], [0.46772385 0.09046704 0.05883427 0.0252309 0.0219789 0.02094076 0.02084495 0.01886531 0.01725363 0.01406354], [12. 9.33333333 28. 30.66666667 33.33333333 10.66666667 41.33333333 54.66666667 6.66666667 16. ], [0.09046704 0.05883427 0.0252309 0.0219789 0.02094076 0.02084495 0.01886531 0.01725363 0.01406354 0.00909417], [2.80519481 3.07235622 2.5380334 0.13358071 0.40074212 0.66790353 3.33951763 0.93506494 1.20222635 2.27087199], [1.81574113 1.80930635 0.59359701 0.59357119 0.59180903 0.59180507 0.59167587 0.55018013 0.55016197 0.54850378], [2.80519481 3.07235622 2.5380334 0.13358071 0.40074212 0.66790353 3.33951763 0.93506494 1.20222635 2.27087199], [1.81574113 1.80930635 0.59359701 0.59357119 0.59180903 0.59180507 0.59167587 0.55018013 0.55016197 0.54850378]
17-feb-3_2.12, [ 0. 1.71428571 22.28571429 13.71428571 25.71428571 34.28571429 42.85714286 10.28571429 46.28571429 30.85714286], [0.3553968 0.01034579 0.0077713 0.00638376 0.00504355 0.00438905 0.00414118 0.00385878 0.00315303 0.00271791], [ 1.71428571 22.28571429 13.71428571 25.71428571 34.28571429 42.85714286 10.28571429 46.28571429 30.85714286 54.85714286], [0.01034579 0.0077713 0.00638376 0.00504355 0.00438905 0.00414118 0.00385878 0.00315303 0.00271791 0.00240064], [2.57756563 2.23389021 2.92124105 1.8902148 1.54653938 3.26491647 1.20286396 0.85918854 0.51551313 0.17183771], [0.50376146 0.5037204 0.49570278 0.49568605 0.49500201 0.46715379 0.45696116 0.43660969 0.43646906 0.43005877], [2.57756563 2.23389021 2.92124105 1.8902148 1.54653938 3.26491647 1.20286396 0.85918854 0.51551313 0.17183771], [0.50376146 0.5037204 0.49570278 0.49568605 0.49500201 0.46715379 0.45696116 0.43660969 0.43646906 0.43005877]
01-jan-18_2.3, [ 0. 12. 14.66666667 6.66666667 9.33333333 29.33333333 21.33333333 40. 17.33333333 25.33333333], [0.10042019 0.00929597 0.00868934 0.00814349 0.0055856 0.00458734 0.00449893 0.00407784 0.003259 0.00284202], [12. 14.66666667 6.66666667 9.33333333 29.33333333 21.33333333 40. 17.33333333 25.33333333 13.33333333], [0.00929597 0.00868934 0.00814349 0.0055856 0.00458734 0.00449893 0.00407784 0.003259 0.00284202 0.00266013], [0.13358071 0.40074212 0.66790353 0.93506494 4.14100186 4.40816327 1.20222635 2.5380334 2.80519481 5.74397032], [1.10757993 1.10001454 0.35847208 0.35632337 0.331847 0.32598041 0.32592555 0.32392935 0.31019431 0.31018939], [0.13358071 0.40074212 0.66790353 0.93506494 4.14100186 4.40816327 1.20222635 2.5380334 2.80519481 5.74397032], [1.10757993 1.10001454 0.35847208 0.35632337 0.331847 0.32598041 0.32592555 0.32392935 0.31019431 0.31018939]
10-sep-30_2.17, [ 0. 25.33333333 22.66666667 33.33333333 30.66666667 277.33333333 37.33333333 36. 70.66666667 73.33333333], [0.32931315 0.02851232 0.01933674 0.01228032 0.01140414 0.00901649 0.0087514 0.0078461 0.00638544 0.00581244], [ 25.33333333 22.66666667 33.33333333 30.66666667 277.33333333 37.33333333 36. 70.66666667 73.33333333 58.66666667], [0.02851232 0.01933674 0.01228032 0.01140414 0.00901649 0.0087514 0.0078461 0.00638544 0.00581244 0.00522055], [0.13358071 0.40074212 2.5380334 0.66790353 0.93506494 2.27087199 2.80519481 1.20222635 3.07235622 2.00371058], [0.56450285 0.55613839 0.45421334 0.45158628 0.45005446 0.44501049 0.44496791 0.44459668 0.43604643 0.43599364], [0.13358071 0.40074212 2.5380334 0.66790353 0.93506494 2.27087199 2.80519481 1.20222635 3.07235622 2.00371058], [0.56450285 0.55613839 0.45421334 0.45158628 0.45005446 0.44501049 0.44496791 0.44459668 0.43604643 0.43599364]
17-jan-22_2.12, [ 0. 7.63636364 9.81818182 17.45454545 29.45454545 21.81818182 19.63636364 12. 8.72727273 41.45454545], [0.85699944 0.19568037 0.07674805 0.0722572 0.02773017 0.02293675 0.0163488 0.01268171 0.00982542 0.00948502], [ 7.63636364 9.81818182 17.45454545 29.45454545 21.81818182 19.63636364 12. 8.72727273 41.45454545 42.54545455], [0.19568037 0.07674805 0.0722572 0.02773017 0.02293675 0.0163488 0.01268171 0.00982542 0.00948502 0.00940561], [0.10925645 0.32776935 0.54628225 0.76479514 0.98330804 1.20182094 1.42033384 3.60546282 1.63884674 3.38694992], [1.20259405 1.19634888 0.88914303 0.88906445 0.8879082 0.88770951 0.8754652 0.87020154 0.85972866 0.85971587], [0.10925645 0.32776935 0.54628225 0.76479514 0.98330804 1.20182094 1.42033384 3.60546282 1.63884674 3.38694992], [1.20259405 1.19634888 0.88914303 0.88906445 0.8879082 0.88770951 0.8754652 0.87020154 0.85972866 0.85971587]
09-aug-26_2.12, [ 0. 16. 14. 12. 30. 10. 32. 18. 50. 36.], [0.32102195 0.07326739 0.03357892 0.02545918 0.00709671 0.00623931 0.00461879 0.00451102 0.00440993 0.00427763], [16. 14. 12. 30. 10. 32. 18. 50. 36. 34.], [0.07326739 0.03357892 0.02545918 0.00709671 0.00623931 0.00461879 0.00451102 0.00440993 0.00427763 0.00380401], [0.2005571 0.60167131 1.00278552 1.40389972 1.80501393 2.20612813 2.60724234 6.6183844 4.61281337 4.21169916], [1.30458281 1.28748684 0.87811361 0.87780221 0.8688436 0.86854883 0.84977027 0.84706132 0.84225977 0.8422263 ], [0.2005571 0.60167131 1.00278552 1.40389972 1.80501393 2.20612813 2.60724234 6.6183844 4.61281337 4.21169916], [1.30458281 1.28748684 0.87811361 0.87780221 0.8688436 0.86854883 0.84977027 0.84706132 0.84225977 0.8422263 ]
17-mar-15_misc, [ 0. 12. 24. 48. 228. 264. 276. 324. 348. 216.], [0.2943912 0.01026603 0.00944331 0.00521579 0.00414134 0.00285337 0.00231931 0.00205016 0.00158714 0.00141235], [ 12. 24. 0. 48. 228. 264. 276. 324. 348. 216.], [0.01026603 0.00944331 0.00521579 0.00414134 0.00285337 0.00231931 0.00205016 0.00158714 0.00141235 0.00128958], [ 1.22033898 3.66101695 6.10169492 8.54237288 10.98305085 25.62711864 28.06779661 23.18644068 13.42372881 30.50847458], [4.57508961 3.82977211 0.75853704 0.75489606 0.73890111 0.73409853 0.73402933 0.71821658 0.67570963 0.67545006], [ 1.22033898 3.66101695 6.10169492 8.54237288 10.98305085 25.62711864 28.06779661 23.18644068 13.42372881 30.50847458], [4.57508961 3.82977211 0.75853704 0.75489606 0.73890111 0.73409853 0.73402933 0.71821658 0.67570963 0.67545006]
00-oct-4_2.07, [ 0. 41.14285714 37.71428571 29.14285714 44.57142857 32.57142857 25.71428571 34.28571429 46.28571429 90.85714286], [0.48331929 0.03775278 0.02254038 0.02019371 0.01725084 0.01632656 0.01624543 0.01297148 0.01076271 0.00724505], [41.14285714 37.71428571 29.14285714 44.57142857 32.57142857 25.71428571 34.28571429 46.28571429 90.85714286 87.42857143], [0.03775278 0.02254038 0.02019371 0.01725084 0.01632656 0.01624543 0.01297148 0.01076271 0.00724505 0.00701999], [ 3.26491647 3.60859189 2.92124105 3.9522673 12.54415274 0.17183771 5.32696897 0.51551313 7.38902148 12.20047733], [0.4265458 0.42210607 0.36790242 0.36784051 0.36241169 0.36240049 0.36193572 0.3438959 0.34362811 0.33885654], [ 3.26491647 3.60859189 2.92124105 3.9522673 12.54415274 0.17183771 5.32696897 0.51551313 7.38902148 12.20047733], [0.4265458 0.42210607 0.36790242 0.36784051 0.36241169 0.36240049 0.36193572 0.3438959 0.34362811 0.33885654]
09-nov-22_2.23, [ 0. 8. 10. 6. 18. 22. 31. 11. 9. 20.], [0.45243823 0.08685417 0.04151679 0.04126139 0.0304731 0.02877203 0.0149492 0.01477526 0.00983494 0.00959811], [ 8. 10. 6. 18. 22. 31. 11. 9. 20. 21.], [0.08685417 0.04151679 0.04126139 0.0304731 0.02877203 0.0149492 0.01477526 0.00983494 0.00959811 0.00883023], [2.10292072 1.90264256 2.30319889 0.10013908 0.30041725 0.50069541 1.70236439 0.70097357 5.30737135 5.50764951], [0.53974635 0.53967433 0.53513636 0.53512729 0.5347646 0.50133947 0.50130884 0.49686885 0.49686199 0.49650789], [2.10292072 1.90264256 2.30319889 0.10013908 0.30041725 0.50069541 1.70236439 0.70097357 5.30737135 5.50764951], [0.53974635 0.53967433 0.53513636 0.53512729 0.5347646 0.50133947 0.50130884 0.49686885 0.49686199 0.49650789]
10-jun-30_2.17, [ 0. 3. 27. 15. 10. 37. 22. 41. 18. 39.], [0.44068982 0.05175303 0.0398593 0.02930672 0.02659827 0.02301219 0.02240837 0.01671541 0.01660027 0.01342166], [ 3. 27. 15. 10. 37. 22. 41. 18. 39. 56.], [0.05175303 0.0398593 0.02930672 0.02659827 0.02301219 0.02240837 0.01671541 0.01660027 0.01342166 0.01088695], [2.30319889 2.50347705 2.10292072 2.70375522 1.90264256 2.90403338 3.10431154 1.70236439 5.10709318 5.30737135], [0.43642407 0.43634572 0.43260874 0.43260537 0.432304 0.42817966 0.42811257 0.42434752 0.42433868 0.42403801], [2.30319889 2.50347705 2.10292072 2.70375522 1.90264256 2.90403338 3.10431154 1.70236439 5.10709318 5.30737135], [0.43642407 0.43634572 0.43260874 0.43260537 0.432304 0.42817966 0.42811257 0.42434752 0.42433868 0.42403801]
09-sep-27_2.12, [ 0. 8.72727273 6.54545455 9.81818182 25.09090909 27.27272727 22.90909091 10.90909091 14.18181818 37.09090909], [0.35645483 0.08327609 0.02390823 0.01696502 0.01647827 0.01411457 0.00944969 0.00826713 0.00775158 0.00760652], [ 8.72727273 6.54545455 9.81818182 25.09090909 27.27272727 22.90909091 10.90909091 14.18181818 37.09090909 16.36363636], [0.08327609 0.02390823 0.01696502 0.01647827 0.01411457 0.00944969 0.00826713 0.00775158 0.00760652 0.00747283], [2.07587253 2.29438543 1.85735964 2.51289833 2.73141123 1.63884674 4.69802731 4.91654021 4.47951442 2.94992413], [0.76905565 0.76894207 0.76397457 0.76396386 0.76357818 0.75021801 0.75010209 0.74540192 0.74539855 0.74503024], [2.07587253 2.29438543 1.85735964 2.51289833 2.73141123 1.63884674 4.69802731 4.91654021 4.47951442 2.94992413], [0.76905565 0.76894207 0.76397457 0.76396386 0.76357818 0.75021801 0.75010209 0.74540192 0.74539855 0.74503024]
09-aug-23_misc, [ 0. 21.6 19.2 9.6 31.2 43.2 24. 45.6 110.4 33.6], [0.60569066 0.14019855 0.11780029 0.04632806 0.0246947 0.02450653 0.01995809 0.0189756 0.01867886 0.01432108], [ 21.6 19.2 9.6 31.2 43.2 24. 45.6 110.4 33.6 122.4], [0.14019855 0.11780029 0.04632806 0.0246947 0.02450653 0.01995809 0.0189756 0.01867886 0.01432108 0.01235495], [0.24080268 0.72240803 1.20401338 1.68561873 2.16722408 2.64882943 5.05685619 5.53846154 3.13043478 4.57525084], [0.83376623 0.8266576 0.69834904 0.6981099 0.69731259 0.69013728 0.68708086 0.68703422 0.67286738 0.67285517], [0.24080268 0.72240803 1.20401338 1.68561873 2.16722408 2.64882943 5.05685619 5.53846154 3.13043478 4.57525084], [0.83376623 0.8266576 0.69834904 0.6981099 0.69731259 0.69013728 0.68708086 0.68703422 0.67286738 0.67285517]
13-mar-2_2.12, [ 0. 10.66666667 8. 14.66666667 16. 28. 26.66666667 29.33333333 46.66666667 13.33333333], [0.66903603 0.11297524 0.09250599 0.05253379 0.03214697 0.01188416 0.00939286 0.0084994 0.00802557 0.00765959], [10.66666667 8. 14.66666667 16. 28. 26.66666667 29.33333333 46.66666667 13.33333333 97.33333333], [0.11297524 0.09250599 0.05253379 0.03214697 0.01188416 0.00939286 0.0084994 0.00802557 0.00765959 0.00587141], [0.13358071 0.40074212 0.66790353 0.93506494 1.20222635 1.46938776 2.80519481 3.07235622 2.5380334 4.40816327], [3.16061082 3.13189005 0.83289776 0.83021094 0.73931498 0.73305168 0.73295388 0.72667313 0.71008366 0.71005001], [0.13358071 0.40074212 0.66790353 0.93506494 1.20222635 1.46938776 2.80519481 3.07235622 2.5380334 4.40816327], [3.16061082 3.13189005 0.83289776 0.83021094 0.73931498 0.73305168 0.73295388 0.72667313 0.71008366 0.71005001]
12-aug-21_2.0, [ 0. 22. 24. 18. 20. 28. 92. 16. 26. 98.], [0.80192102 0.05492703 0.05069699 0.04953724 0.04722027 0.0220215 0.02189769 0.0160635 0.01586843 0.01002684], [ 22. 24. 18. 20. 28. 92. 16. 26. 98. 122.], [0.05492703 0.05069699 0.04953724 0.04722027 0.0220215 0.02189769 0.0160635 0.01586843 0.01002684 0.00749776], [0.2005571 0.60167131 1.00278552 1.40389972 1.80501393 8.22284123 8.62395543 6.21727019 5.81615599 3.81058496], [0.57506761 0.55837298 0.41793758 0.41486271 0.41447023 0.40692543 0.39612409 0.39608924 0.38335319 0.38334595], [0.2005571 0.60167131 1.00278552 1.40389972 1.80501393 8.22284123 8.62395543 6.21727019 5.81615599 3.81058496], [0.57506761 0.55837298 0.41793758 0.41486271 0.41447023 0.40692543 0.39612409 0.39608924 0.38335319 0.38334595]
09-dec-4_misc, [ 0. 10. 32. 44. 16. 30. 24. 56. 42. 46.], [0.42665928 0.12301773 0.05922431 0.0143881 0.01217391 0.00951744 0.0066671 0.00537955 0.00469446 0.00427289], [10. 32. 44. 16. 30. 24. 56. 42. 46. 64.], [0.12301773 0.05922431 0.0143881 0.01217391 0.00951744 0.0066671 0.00537955 0.00469446 0.00427289 0.00402662], [1.00278552 0.60167131 0.2005571 1.40389972 1.80501393 2.20612813 2.60724234 4.61281337 4.21169916 5.01392758], [1.3234738 1.30149679 0.9156107 0.91530622 0.89791622 0.89751281 0.88305362 0.88179837 0.88009762 0.88006462], [1.00278552 0.60167131 0.2005571 1.40389972 1.80501393 2.20612813 2.60724234 4.61281337 4.21169916 5.01392758], [1.3234738 1.30149679 0.9156107 0.91530622 0.89791622 0.89751281 0.88305362 0.88179837 0.88009762 0.88006462]
11-aug-29_2.12, [ 0. 10. 18. 16. 28. 48. 38. 40. 22. 92.], [0.40492462 0.14960938 0.03183882 0.02718858 0.01566526 0.00911692 0.00829463 0.00669652 0.00555938 0.00444596], [10. 18. 16. 28. 48. 38. 40. 22. 92. 20.], [0.14960938 0.03183882 0.02718858 0.01566526 0.00911692 0.00829463 0.00669652 0.00555938 0.00444596 0.00387513], [1.40389972 1.80501393 1.00278552 0.60167131 0.2005571 2.20612813 2.60724234 3.00835655 3.40947075 4.61281337], [1.45545215 1.44702191 0.96147496 0.96118098 0.93478514 0.9347619 0.93451592 0.93423877 0.92442938 0.92434328], [1.40389972 1.80501393 1.00278552 0.60167131 0.2005571 2.20612813 2.60724234 3.00835655 3.40947075 4.61281337], [1.45545215 1.44702191 0.96147496 0.96118098 0.93478514 0.9347619 0.93451592 0.93423877 0.92442938 0.92434328]
09-aug-4_2.12, [ 0. 13.71428571 15.42857143 30.85714286 6.85714286 17.14285714 22.28571429 56.57142857 36. 49.71428571], [0.38432401 0.11455336 0.03599368 0.0202238 0.01532939 0.00840766 0.00652617 0.0062716 0.00616845 0.00485715], [13.71428571 15.42857143 30.85714286 6.85714286 17.14285714 22.28571429 56.57142857 36. 49.71428571 39.42857143], [0.11455336 0.03599368 0.0202238 0.01532939 0.00840766 0.00652617 0.0062716 0.00616845 0.00485715 0.0044655 ], [1.20286396 0.85918854 1.54653938 0.51551313 0.17183771 1.8902148 2.23389021 2.57756563 3.9522673 6.01431981], [2.21404309 2.10842163 0.95229437 0.95203057 0.91605364 0.91555607 0.91408171 0.9136212 0.89586368 0.89500134], [1.20286396 0.85918854 1.54653938 0.51551313 0.17183771 1.8902148 2.23389021 2.57756563 3.9522673 6.01431981], [2.21404309 2.10842163 0.95229437 0.95203057 0.91605364 0.91555607 0.91408171 0.9136212 0.89586368 0.89500134]
09-nov-22_2.12, [ 0. 7.5 13.5 18. 6. 9. 30. 42. 37.5 45. ], [0.3464509 0.11088586 0.04657575 0.01496672 0.01138356 0.00928365 0.00850144 0.00838061 0.0076739 0.00648854], [ 7.5 13.5 18. 6. 9. 30. 42. 37.5 45. 49.5], [0.11088586 0.04657575 0.01496672 0.01138356 0.00928365 0.00850144 0.00838061 0.0076739 0.00648854 0.00599406], [0.15031315 0.45093946 0.75156576 1.05219207 1.35281837 1.65344468 1.95407098 3.45720251 3.75782881 2.25469729], [39.37788605 33.0383094 1.01363015 1.0128875 0.97384187 0.97281016 0.9155016 0.91249022 0.90001477 0.89993185], [0.15031315 0.45093946 0.75156576 1.05219207 1.35281837 1.65344468 1.95407098 3.45720251 3.75782881 2.25469729], [39.37788605 33.0383094 1.01363015 1.0128875 0.97384187 0.97281016 0.9155016 0.91249022 0.90001477 0.89993185]
11-aug-29_misc, [ 0. 2.4 26.4 38.4 81.6 230.4 124.8 117.6 242.4 36. ], [0.68812135 0.08360423 0.04458486 0.03126553 0.03097044 0.02899098 0.02366952 0.02099989 0.01615078 0.01138043], [ 2.4 26.4 38.4 81.6 230.4 124.8 117.6 242.4 36. 129.6], [0.08360423 0.04458486 0.03126553 0.03097044 0.02899098 0.02366952 0.02099989 0.01615078 0.01138043 0.01016621], [3.13043478 2.64882943 3.61204013 2.16722408 4.09364548 1.68561873 1.20401338 0.72240803 0.24080268 9.39130435], [0.59491376 0.59482462 0.5920943 0.59209157 0.59188316 0.58445048 0.58444856 0.5817385 0.58173386 0.5815313 ], [3.13043478 2.64882943 3.61204013 2.16722408 4.09364548 1.68561873 1.20401338 0.72240803 0.24080268 9.39130435], [0.59491376 0.59482462 0.5920943 0.59209157 0.59188316 0.58445048 0.58444856 0.5817385 0.58173386 0.5815313 ]
10-jun-24_2.12, [ 0. 21.6 24. 12. 19.2 52.8 50.4 55.2 110.4 76.8], [0.24627087 0.07681305 0.01721722 0.00674153 0.00671579 0.00478935 0.00417632 0.00377275 0.00318719 0.00247609], [ 21.6 24. 12. 19.2 52.8 50.4 55.2 110.4 76.8 122.4], [0.07681305 0.01721722 0.00674153 0.00671579 0.00478935 0.00417632 0.00377275 0.00318719 0.00247609 0.00184326], [1.68561873 1.20401338 0.72240803 0.24080268 2.16722408 2.64882943 3.13043478 3.61204013 5.53846154 6.02006689], [1.18498848 1.18414186 0.98459005 0.98443345 0.96894212 0.96888789 0.96823504 0.96807479 0.96144391 0.96142139], [1.68561873 1.20401338 0.72240803 0.24080268 2.16722408 2.64882943 3.13043478 3.61204013 5.53846154 6.02006689], [1.18498848 1.18414186 0.98459005 0.98443345 0.96894212 0.96888789 0.96823504 0.96807479 0.96144391 0.96142139]
12-jan-27_2.07, [ 0. 10.5 13.5 9. 51. 27. 12. 54. 52.5 39. ], [0.50947801 0.11443072 0.06272334 0.03303691 0.02116986 0.0115506 0.01122112 0.00686019 0.00684059 0.00431086], [10.5 13.5 9. 51. 27. 12. 54. 52.5 39. 66. ], [0.11443072 0.06272334 0.03303691 0.02116986 0.0115506 0.01122112 0.00686019 0.00684059 0.00431086 0.00424892], [0.15031315 0.45093946 0.75156576 1.05219207 1.35281837 1.65344468 1.95407098 3.45720251 3.1565762 2.25469729], [34.36958326 26.02030281 0.85798934 0.85791908 0.83040517 0.82841695 0.77667926 0.77319121 0.76679427 0.76513535], [0.15031315 0.45093946 0.75156576 1.05219207 1.35281837 1.65344468 1.95407098 3.45720251 3.1565762 2.25469729], [34.36958326 26.02030281 0.85798934 0.85791908 0.83040517 0.82841695 0.77667926 0.77319121 0.76679427 0.76513535]
07-may-29_2.3, [ 0. 14. 16. 12. 58. 76. 18. 42. 38. 36.], [0.19203079 0.03061752 0.0161795 0.01048335 0.00430503 0.00394136 0.00319759 0.00277506 0.00273806 0.00229696], [14. 16. 12. 58. 76. 18. 42. 38. 36. 22.], [0.03061752 0.0161795 0.01048335 0.00430503 0.00394136 0.00319759 0.00277506 0.00273806 0.00229696 0.00210485], [0.60167131 1.00278552 0.2005571 1.40389972 1.80501393 2.20612813 2.60724234 4.61281337 4.21169916 6.6183844 ], [1.07923183 1.05460626 0.74293638 0.74287451 0.72989834 0.72930057 0.72022952 0.71919327 0.71456166 0.71454123], [0.60167131 1.00278552 0.2005571 1.40389972 1.80501393 2.20612813 2.60724234 4.61281337 4.21169916 6.6183844 ], [1.07923183 1.05460626 0.74293638 0.74287451 0.72989834 0.72930057 0.72022952 0.71919327 0.71456166 0.71454123]
10-jun-24_misc, [ 0. 1.2 3.6 18. 14.4 20.4 21.6 24. 27.6 51.6], [0.78171662 0.04245735 0.04104941 0.03666509 0.03477908 0.03150949 0.02255693 0.02136511 0.02036428 0.01667871], [ 1.2 3.6 18. 14.4 20.4 21.6 24. 27.6 51.6 48. ], [0.04245735 0.04104941 0.03666509 0.03477908 0.03150949 0.02255693 0.02136511 0.02036428 0.01667871 0.01490404], [1.80300501 1.56260434 2.04340568 2.28380634 1.32220367 5.88981636 5.64941569 8.05342237 6.13021703 8.29382304], [0.41680834 0.41679683 0.41486493 0.41486231 0.41471695 0.37667842 0.37659128 0.37480923 0.37480452 0.37466861], [1.80300501 1.56260434 2.04340568 2.28380634 1.32220367 5.88981636 5.64941569 8.05342237 6.13021703 8.29382304], [0.41680834 0.41679683 0.41486493 0.41486231 0.41471695 0.37667842 0.37659128 0.37480923 0.37480452 0.37466861]
19-jan-6_2.12, [ 0. 12. 18. 42. 78. 306. 66. 120. 342. 282.], [0.23488383 0.00784192 0.00666809 0.00492188 0.00280266 0.00270798 0.00124747 0.0012452 0.00121053 0.00096708], [ 12. 18. 42. 78. 306. 66. 120. 342. 282. 270.], [0.00784192 0.00666809 0.00492188 0.00280266 0.00270798 0.00124747 0.0012452 0.00121053 0.00096708 0.00089304], [ 7.86554622 9.07563025 6.65546218 10.28571429 16.33613445 17.54621849 5.44537815 15.12605042 11.49579832 18.75630252], [1.03989522 0.89579684 0.68651085 0.68516246 0.67011339 0.6700601 0.66862584 0.65248691 0.65166979 0.63729582], [ 7.86554622 9.07563025 6.65546218 10.28571429 16.33613445 17.54621849 5.44537815 15.12605042 11.49579832 18.75630252], [1.03989522 0.89579684 0.68651085 0.68516246 0.67011339 0.6700601 0.66862584 0.65248691 0.65166979 0.63729582]
10-jun-30_misc, [ 0. 4.5 7.5 1.5 10.5 18. 21. 28.5 34.5 24. ], [0.67549835 0.05957289 0.03870529 0.03420053 0.03081054 0.03029914 0.02592555 0.01901489 0.01203127 0.00794413], [ 4.5 7.5 1.5 10.5 18. 21. 28.5 34.5 24. 13.5], [0.05957289 0.03870529 0.03420053 0.03081054 0.03029914 0.02592555 0.01901489 0.01203127 0.00794413 0.00737171], [4.96033403 4.65970772 5.26096033 4.35908142 5.56158664 4.05845511 5.86221294 1.95407098 2.25469729 8.26722338], [2.13114456 1.69674752 0.39182781 0.39177173 0.38635428 0.38635164 0.38325271 0.38321615 0.38243251 0.37794266], [4.96033403 4.65970772 5.26096033 4.35908142 5.56158664 4.05845511 5.86221294 1.95407098 2.25469729 8.26722338], [2.13114456 1.69674752 0.39182781 0.39177173 0.38635428 0.38635164 0.38325271 0.38321615 0.38243251 0.37794266]
06-jun-22_misc, [ 0. 5. 4. 7. 14. 13. 23. 37. 16. 12.], [0.52051212 0.17255853 0.08715921 0.05455503 0.05294002 0.04803877 0.04704393 0.04026996 0.03986589 0.02638539], [ 5. 4. 7. 14. 13. 23. 37. 16. 12. 10.], [0.17255853 0.08715921 0.05455503 0.05294002 0.04803877 0.04704393 0.04026996 0.03986589 0.02638539 0.024272 ], [1.1015299 1.30180807 0.90125174 0.70097357 1.50208623 0.50069541 0.30041725 0.10013908 1.70236439 1.90264256], [0.5685333 0.56833418 0.56332745 0.5633246 0.56291639 0.51787566 0.51765998 0.51299941 0.5129964 0.51261535], [1.1015299 1.30180807 0.90125174 0.70097357 1.50208623 0.50069541 0.30041725 0.10013908 1.70236439 1.90264256], [0.5685333 0.56833418 0.56332745 0.5633246 0.56291639 0.51787566 0.51765998 0.51299941 0.5129964 0.51261535]
00-aug-2_2.3, [ 0. 6.54545455 8.72727273 12. 18.54545455 9.81818182 20.72727273 22.90909091 16.36363636 31.63636364], [0.10773727 0.02771671 0.01685981 0.01656821 0.00666222 0.00484172 0.00472218 0.0038802 0.00359492 0.00270883], [ 6.54545455 8.72727273 12. 18.54545455 9.81818182 20.72727273 22.90909091 16.36363636 31.63636364 56.72727273], [0.02771671 0.01685981 0.01656821 0.00666222 0.00484172 0.00472218 0.0038802 0.00359492 0.00270883 0.00257578], [0.98330804 0.76479514 0.54628225 0.32776935 0.10925645 1.20182094 1.42033384 3.60546282 3.38694992 2.29438543], [0.56026505 0.549767 0.53806732 0.53792279 0.53472968 0.53462529 0.53462269 0.53436169 0.53424631 0.53073888], [0.98330804 0.76479514 0.54628225 0.32776935 0.10925645 1.20182094 1.42033384 3.60546282 3.38694992 2.29438543], [0.56026505 0.549767 0.53806732 0.53792279 0.53472968 0.53462529 0.53462269 0.53436169 0.53424631 0.53073888]
