obsdate, fourier_raw, fourier_detrend, ls_raw, ls_detrend
/home/jchakrab/datafiles/obsgroups_corrected/15-dec-12_2.16.txt.txt, [  0.   8.  20.  24.  44.  16.  52.   4. 332. 268.], [  8.  20.  24.  44.  16.  52.   4.   0. 332. 268.], [11.66480447 10.8603352   0.40223464  1.20670391 12.46927374 10.05586592
  2.01117318  2.81564246  9.25139665  8.44692737], [11.66480447 10.8603352   0.40223464  1.20670391 12.46927374 10.05586592
  2.01117318  2.81564246  9.25139665  8.44692737]
/home/jchakrab/datafiles/obsgroups_corrected/09-aug-26_misc.txt.txt, [ 0.         22.28571429 27.42857143 29.14285714 34.28571429 15.42857143
 58.28571429 61.71428571 25.71428571 30.85714286], [22.28571429 27.42857143 29.14285714 34.28571429 15.42857143 58.28571429
 61.71428571 25.71428571 30.85714286 46.28571429], [0.85918854 0.51551313 1.20286396 0.17183771 1.54653938 1.8902148
 2.23389021 3.60859189 3.26491647 2.57756563], [0.85918854 0.51551313 1.20286396 0.17183771 1.54653938 1.8902148
 2.23389021 3.60859189 3.26491647 2.57756563]
/home/jchakrab/datafiles/obsgroups_corrected/12-aug-21_2.3.txt.txt, [ 0.          4.36363636  6.54545455  9.81818182 21.81818182 16.36363636
 28.36363636 33.81818182 46.90909091 58.90909091], [ 4.36363636  6.54545455  9.81818182 21.81818182 16.36363636 28.36363636
 33.81818182 46.90909091 58.90909091 18.54545455], [2.29438543 2.07587253 2.51289833 1.85735964 1.63884674 0.10925645
 0.32776935 2.73141123 0.54628225 1.42033384], [2.29438543 2.07587253 2.51289833 1.85735964 1.63884674 0.10925645
 0.32776935 2.73141123 0.54628225 1.42033384]
/home/jchakrab/datafiles/obsgroups_corrected/12-aug-21_misc.txt.txt, [ 0.          4.36363636 16.36363636  9.81818182  6.54545455 28.36363636
 34.90909091 21.81818182 40.36363636 22.90909091], [ 4.36363636 16.36363636  9.81818182  6.54545455 28.36363636 34.90909091
 21.81818182 40.36363636 22.90909091 46.90909091], [1.42033384 1.63884674 1.85735964 2.07587253 1.20182094 2.29438543
 0.98330804 0.76479514 0.54628225 0.10925645], [1.42033384 1.63884674 1.85735964 2.07587253 1.20182094 2.29438543
 0.98330804 0.76479514 0.54628225 0.10925645]
/home/jchakrab/datafiles/obsgroups_corrected/12-jan-27_2.03.txt.txt, [  0.   8.  10.   6.  20.  28.  44.  34. 126.  26.], [  8.  10.   6.  20.  28.  44.  34. 126.  26.  48.], [1.40389972 1.80501393 1.00278552 0.60167131 0.2005571  2.20612813
 2.60724234 5.81615599 5.41504178 6.21727019], [1.40389972 1.80501393 1.00278552 0.60167131 0.2005571  2.20612813
 2.60724234 5.81615599 5.41504178 6.21727019]
/home/jchakrab/datafiles/obsgroups_corrected/07-may-29_2.03.txt.txt, [  0.  28.  24.  30.  34.  50. 104.  60.  86.  98.], [ 28.  24.  30.  34.  50. 104.  60.  86.  98. 122.], [0.2005571  0.60167131 1.00278552 1.40389972 1.80501393 2.20612813
 4.21169916 8.62395543 4.61281337 2.60724234], [0.2005571  0.60167131 1.00278552 1.40389972 1.80501393 2.20612813
 4.21169916 8.62395543 4.61281337 2.60724234]
/home/jchakrab/datafiles/obsgroups_corrected/12-jan-27_misc.txt.txt, [ 0.          6.85714286 15.42857143 22.28571429  5.14285714 13.71428571
 24.          8.57142857 61.71428571 42.85714286], [ 6.85714286 15.42857143 22.28571429  5.14285714 13.71428571 24.
  8.57142857 61.71428571 42.85714286 51.42857143], [1.20286396 1.54653938 0.85918854 0.51551313 0.17183771 1.8902148
 2.23389021 2.57756563 4.29594272 3.9522673 ], [1.20286396 1.54653938 0.85918854 0.51551313 0.17183771 1.8902148
 2.23389021 2.57756563 4.29594272 3.9522673 ]
/home/jchakrab/datafiles/obsgroups_corrected/09-aug-23_2.23.txt.txt, [ 0.   3.6 19.2  4.8 18.  13.2 22.8 25.2 28.8 49.2], [ 3.6 19.2  4.8 18.  13.2 22.8 25.2 28.8 49.2 24. ], [0.60100167 0.360601   0.12020033 0.84140234 1.08180301 1.32220367
 2.52420701 2.76460768 1.56260434 3.00500835], [0.60100167 0.360601   0.12020033 0.84140234 1.08180301 1.32220367
 2.52420701 2.76460768 1.56260434 3.00500835]
/home/jchakrab/datafiles/obsgroups_corrected/00-oct-4_2.3.txt.txt, [ 0.  10.5 25.5 16.5 13.5 21.  40.5  9.  37.5 45. ], [10.5 25.5 16.5 13.5 21.  40.5  9.  37.5 45.  67.5], [0.45093946 0.15031315 0.75156576 1.05219207 1.35281837 1.65344468
 8.26722338 7.96659708 2.8559499  3.1565762 ], [0.45093946 0.15031315 0.75156576 1.05219207 1.35281837 1.65344468
 8.26722338 7.96659708 2.8559499  3.1565762 ]
/home/jchakrab/datafiles/obsgroups_corrected/12-aug-21_2.07.txt.txt, [ 0. 22. 20. 64. 32. 62. 38. 66. 68. 34.], [22. 20. 64. 32. 62. 38. 66. 68. 34. 40.], [0.2005571  0.60167131 1.00278552 1.40389972 1.80501393 2.20612813
 4.21169916 6.6183844  6.21727019 4.61281337], [0.2005571  0.60167131 1.00278552 1.40389972 1.80501393 2.20612813
 4.21169916 6.6183844  6.21727019 4.61281337]
/home/jchakrab/datafiles/obsgroups_corrected/07-aug-12_misc.txt.txt, [ 0. 33. 36. 39. 30. 27. 42. 45. 81. 24.], [ 33.  36.  39.  30.  27.  42.  45.  81.  24. 141.], [ 8.73640167  9.33891213 12.35146444 12.9539749   9.94142259  8.13389121
  5.72384937  5.12133891 11.74895397 18.9790795 ], [ 8.73640167  9.33891213 12.35146444 12.9539749   9.94142259  8.13389121
  5.72384937  5.12133891 11.74895397 18.9790795 ]
/home/jchakrab/datafiles/obsgroups_corrected/02-feb-11_2.3.txt.txt, [ 0.   9.6 37.2 33.6 25.2 36.  13.2 38.4 40.8 39.6], [ 9.6 37.2 33.6 25.2 36.  13.2 38.4 40.8 39.6 49.2], [2.28380634 2.04340568 0.12020033 0.360601   0.60100167 2.52420701
 1.80300501 0.84140234 6.13021703 5.88981636], [2.28380634 2.04340568 0.12020033 0.360601   0.60100167 2.52420701
 1.80300501 0.84140234 6.13021703 5.88981636]
/home/jchakrab/datafiles/obsgroups_corrected/09-sep-27_2.16.txt.txt, [ 0.  12.  16.8 38.4 40.8 36.  57.6 55.2 14.4 84. ], [12.  16.8 38.4 40.8 36.  57.6 55.2 14.4 84.  60. ], [0.24080268 0.72240803 1.20401338 1.68561873 2.16722408 2.64882943
 3.13043478 5.05685619 7.94648829 5.53846154], [0.24080268 0.72240803 1.20401338 1.68561873 2.16722408 2.64882943
 3.13043478 5.05685619 7.94648829 5.53846154]
/home/jchakrab/datafiles/obsgroups_corrected/09-jul-24_misc.txt.txt, [ 0.  19.2 14.4 45.6 43.2 67.2 21.6 48.  64.8 88.8], [19.2 14.4 45.6 43.2 67.2 21.6 48.  64.8 88.8 69.6], [0.24080268 0.72240803 1.20401338 1.68561873 2.16722408 2.64882943
 3.13043478 5.53846154 5.05685619 6.02006689], [0.24080268 0.72240803 1.20401338 1.68561873 2.16722408 2.64882943
 3.13043478 5.53846154 5.05685619 6.02006689]
/home/jchakrab/datafiles/obsgroups_corrected/06-apr-24_misc.txt.txt, [ 0.          1.33333333  4.         16.         22.66666667 18.66666667
 25.33333333  6.66666667 13.33333333 28.        ], [ 1.33333333  4.         16.         22.66666667 18.66666667 25.33333333
  6.66666667 13.33333333 28.         76.        ], [2.5380334  2.27087199 2.80519481 3.07235622 2.00371058 3.33951763
 1.73654917 5.47680891 5.74397032 5.2096475 ], [2.5380334  2.27087199 2.80519481 3.07235622 2.00371058 3.33951763
 1.73654917 5.47680891 5.74397032 5.2096475 ]
/home/jchakrab/datafiles/obsgroups_corrected/00-dec-29_2.03.txt.txt, [ 0.          3.42857143 48.         53.14285714 56.57142857 60.
 68.57142857 54.85714286 51.42857143 58.28571429], [ 3.42857143 48.         53.14285714 56.57142857 60.         68.57142857
 54.85714286 51.42857143 58.28571429 65.14285714], [11.85680191 12.20047733 11.51312649 12.54415274 19.4176611  19.07398568
 13.91885442 17.69928401 11.16945107  4.63961814], [11.85680191 12.20047733 11.51312649 12.54415274 19.4176611  19.07398568
 13.91885442 17.69928401 11.16945107  4.63961814]
/home/jchakrab/datafiles/obsgroups_corrected/16-dec-22_2.16.txt.txt, [ 0.  15.  19.5 27.  31.5 21.  13.5 33.  43.5 49.5], [15.  19.5 27.  31.5 21.  13.5 33.  43.5 49.5 64.5], [0.15031315 0.45093946 0.75156576 1.05219207 1.35281837 1.65344468
 1.95407098 2.25469729 3.45720251 3.1565762 ], [0.15031315 0.45093946 0.75156576 1.05219207 1.35281837 1.65344468
 1.95407098 2.25469729 3.45720251 3.1565762 ]
/home/jchakrab/datafiles/obsgroups_corrected/07-may-29_2.12.txt.txt, [  0.  14.  24.  16.  42.  18.  20.  76.  52. 116.], [ 14.  24.  16.  42.  18.  20.  76.  52. 116.  56.], [0.2005571  0.60167131 1.00278552 1.40389972 1.80501393 2.20612813
 2.60724234 4.61281337 4.21169916 5.01392758], [0.2005571  0.60167131 1.00278552 1.40389972 1.80501393 2.20612813
 2.60724234 4.61281337 4.21169916 5.01392758]
/home/jchakrab/datafiles/obsgroups_corrected/09-aug-13_2.12.txt.txt, [ 0.  4. 10.  9. 21. 18. 15. 19. 31. 30.], [ 4. 10.  9. 21. 18. 15. 19. 31. 30. 20.], [0.10013908 0.30041725 0.50069541 0.70097357 0.90125174 2.10292072
 2.30319889 1.90264256 1.1015299  2.50347705], [0.10013908 0.30041725 0.50069541 0.70097357 0.90125174 2.10292072
 2.30319889 1.90264256 1.1015299  2.50347705]
/home/jchakrab/datafiles/obsgroups_corrected/16-feb-28_2.16.txt.txt, [ 0.          3.42857143 15.42857143  6.85714286 17.14285714 27.42857143
 29.14285714 24.         37.71428571 22.28571429], [ 3.42857143 15.42857143  6.85714286 17.14285714 27.42857143 29.14285714
 24.         37.71428571 22.28571429 39.42857143], [ 2.92124105  3.26491647  2.57756563  3.60859189  3.9522673   2.23389021
  7.7326969   8.07637232 18.73031026  4.29594272], [ 2.92124105  3.26491647  2.57756563  3.60859189  3.9522673   2.23389021
  7.7326969   8.07637232 18.73031026  4.29594272]
/home/jchakrab/datafiles/obsgroups_corrected/15-dec-12_2.16.txt.txt, [  0.   8.  20.  24.  44.  16.  52.   4. 332. 268.], [  8.  20.  24.  44.  16.  52.   4.   0. 332. 268.], [11.66480447 10.8603352   0.40223464  1.20670391 12.46927374 10.05586592
  2.01117318  2.81564246  9.25139665  8.44692737], [11.66480447 10.8603352   0.40223464  1.20670391 12.46927374 10.05586592
  2.01117318  2.81564246  9.25139665  8.44692737]
/home/jchakrab/datafiles/obsgroups_corrected/09-aug-26_misc.txt.txt, [ 0.         22.28571429 27.42857143 29.14285714 34.28571429 15.42857143
 58.28571429 61.71428571 25.71428571 30.85714286], [22.28571429 27.42857143 29.14285714 34.28571429 15.42857143 58.28571429
 61.71428571 25.71428571 30.85714286 46.28571429], [0.85918854 0.51551313 1.20286396 0.17183771 1.54653938 1.8902148
 2.23389021 3.60859189 3.26491647 2.57756563], [0.85918854 0.51551313 1.20286396 0.17183771 1.54653938 1.8902148
 2.23389021 3.60859189 3.26491647 2.57756563]
/home/jchakrab/datafiles/obsgroups_corrected/12-aug-21_2.3.txt.txt, [ 0.          4.36363636  6.54545455  9.81818182 21.81818182 16.36363636
 28.36363636 33.81818182 46.90909091 58.90909091], [ 4.36363636  6.54545455  9.81818182 21.81818182 16.36363636 28.36363636
 33.81818182 46.90909091 58.90909091 18.54545455], [2.29438543 2.07587253 2.51289833 1.85735964 1.63884674 0.10925645
 0.32776935 2.73141123 0.54628225 1.42033384], [2.29438543 2.07587253 2.51289833 1.85735964 1.63884674 0.10925645
 0.32776935 2.73141123 0.54628225 1.42033384]
/home/jchakrab/datafiles/obsgroups_corrected/12-aug-21_misc.txt.txt, [ 0.          4.36363636 16.36363636  9.81818182  6.54545455 28.36363636
 34.90909091 21.81818182 40.36363636 22.90909091], [ 4.36363636 16.36363636  9.81818182  6.54545455 28.36363636 34.90909091
 21.81818182 40.36363636 22.90909091 46.90909091], [1.42033384 1.63884674 1.85735964 2.07587253 1.20182094 2.29438543
 0.98330804 0.76479514 0.54628225 0.10925645], [1.42033384 1.63884674 1.85735964 2.07587253 1.20182094 2.29438543
 0.98330804 0.76479514 0.54628225 0.10925645]
/home/jchakrab/datafiles/obsgroups_corrected/12-jan-27_2.03.txt.txt, [  0.   8.  10.   6.  20.  28.  44.  34. 126.  26.], [  8.  10.   6.  20.  28.  44.  34. 126.  26.  48.], [1.40389972 1.80501393 1.00278552 0.60167131 0.2005571  2.20612813
 2.60724234 5.81615599 5.41504178 6.21727019], [1.40389972 1.80501393 1.00278552 0.60167131 0.2005571  2.20612813
 2.60724234 5.81615599 5.41504178 6.21727019]
/home/jchakrab/datafiles/obsgroups_corrected/07-may-29_2.03.txt.txt, [  0.  28.  24.  30.  34.  50. 104.  60.  86.  98.], [ 28.  24.  30.  34.  50. 104.  60.  86.  98. 122.], [0.2005571  0.60167131 1.00278552 1.40389972 1.80501393 2.20612813
 4.21169916 8.62395543 4.61281337 2.60724234], [0.2005571  0.60167131 1.00278552 1.40389972 1.80501393 2.20612813
 4.21169916 8.62395543 4.61281337 2.60724234]
/home/jchakrab/datafiles/obsgroups_corrected/12-jan-27_misc.txt.txt, [ 0.          6.85714286 15.42857143 22.28571429  5.14285714 13.71428571
 24.          8.57142857 61.71428571 42.85714286], [ 6.85714286 15.42857143 22.28571429  5.14285714 13.71428571 24.
  8.57142857 61.71428571 42.85714286 51.42857143], [1.20286396 1.54653938 0.85918854 0.51551313 0.17183771 1.8902148
 2.23389021 2.57756563 4.29594272 3.9522673 ], [1.20286396 1.54653938 0.85918854 0.51551313 0.17183771 1.8902148
 2.23389021 2.57756563 4.29594272 3.9522673 ]
/home/jchakrab/datafiles/obsgroups_corrected/09-aug-23_2.23.txt.txt, [ 0.   3.6 19.2  4.8 18.  13.2 22.8 25.2 28.8 49.2], [ 3.6 19.2  4.8 18.  13.2 22.8 25.2 28.8 49.2 24. ], [0.60100167 0.360601   0.12020033 0.84140234 1.08180301 1.32220367
 2.52420701 2.76460768 1.56260434 3.00500835], [0.60100167 0.360601   0.12020033 0.84140234 1.08180301 1.32220367
 2.52420701 2.76460768 1.56260434 3.00500835]
/home/jchakrab/datafiles/obsgroups_corrected/00-oct-4_2.3.txt.txt, [ 0.  10.5 25.5 16.5 13.5 21.  40.5  9.  37.5 45. ], [10.5 25.5 16.5 13.5 21.  40.5  9.  37.5 45.  67.5], [0.45093946 0.15031315 0.75156576 1.05219207 1.35281837 1.65344468
 8.26722338 7.96659708 2.8559499  3.1565762 ], [0.45093946 0.15031315 0.75156576 1.05219207 1.35281837 1.65344468
 8.26722338 7.96659708 2.8559499  3.1565762 ]
/home/jchakrab/datafiles/obsgroups_corrected/12-aug-21_2.07.txt.txt, [ 0. 22. 20. 64. 32. 62. 38. 66. 68. 34.], [22. 20. 64. 32. 62. 38. 66. 68. 34. 40.], [0.2005571  0.60167131 1.00278552 1.40389972 1.80501393 2.20612813
 4.21169916 6.6183844  6.21727019 4.61281337], [0.2005571  0.60167131 1.00278552 1.40389972 1.80501393 2.20612813
 4.21169916 6.6183844  6.21727019 4.61281337]
/home/jchakrab/datafiles/obsgroups_corrected/07-aug-12_misc.txt.txt, [ 0. 33. 36. 39. 30. 27. 42. 45. 81. 24.], [ 33.  36.  39.  30.  27.  42.  45.  81.  24. 141.], [ 8.73640167  9.33891213 12.35146444 12.9539749   9.94142259  8.13389121
  5.72384937  5.12133891 11.74895397 18.9790795 ], [ 8.73640167  9.33891213 12.35146444 12.9539749   9.94142259  8.13389121
  5.72384937  5.12133891 11.74895397 18.9790795 ]
/home/jchakrab/datafiles/obsgroups_corrected/02-feb-11_2.3.txt.txt, [ 0.   9.6 37.2 33.6 25.2 36.  13.2 38.4 40.8 39.6], [ 9.6 37.2 33.6 25.2 36.  13.2 38.4 40.8 39.6 49.2], [2.28380634 2.04340568 0.12020033 0.360601   0.60100167 2.52420701
 1.80300501 0.84140234 6.13021703 5.88981636], [2.28380634 2.04340568 0.12020033 0.360601   0.60100167 2.52420701
 1.80300501 0.84140234 6.13021703 5.88981636]
/home/jchakrab/datafiles/obsgroups_corrected/09-sep-27_2.16.txt.txt, [ 0.  12.  16.8 38.4 40.8 36.  57.6 55.2 14.4 84. ], [12.  16.8 38.4 40.8 36.  57.6 55.2 14.4 84.  60. ], [0.24080268 0.72240803 1.20401338 1.68561873 2.16722408 2.64882943
 3.13043478 5.05685619 7.94648829 5.53846154], [0.24080268 0.72240803 1.20401338 1.68561873 2.16722408 2.64882943
 3.13043478 5.05685619 7.94648829 5.53846154]
/home/jchakrab/datafiles/obsgroups_corrected/09-jul-24_misc.txt.txt, [ 0.  19.2 14.4 45.6 43.2 67.2 21.6 48.  64.8 88.8], [19.2 14.4 45.6 43.2 67.2 21.6 48.  64.8 88.8 69.6], [0.24080268 0.72240803 1.20401338 1.68561873 2.16722408 2.64882943
 3.13043478 5.53846154 5.05685619 6.02006689], [0.24080268 0.72240803 1.20401338 1.68561873 2.16722408 2.64882943
 3.13043478 5.53846154 5.05685619 6.02006689]
/home/jchakrab/datafiles/obsgroups_corrected/06-apr-24_misc.txt.txt, [ 0.          1.33333333  4.         16.         22.66666667 18.66666667
 25.33333333  6.66666667 13.33333333 28.        ], [ 1.33333333  4.         16.         22.66666667 18.66666667 25.33333333
  6.66666667 13.33333333 28.         76.        ], [2.5380334  2.27087199 2.80519481 3.07235622 2.00371058 3.33951763
 1.73654917 5.47680891 5.74397032 5.2096475 ], [2.5380334  2.27087199 2.80519481 3.07235622 2.00371058 3.33951763
 1.73654917 5.47680891 5.74397032 5.2096475 ]
/home/jchakrab/datafiles/obsgroups_corrected/00-dec-29_2.03.txt.txt, [ 0.          3.42857143 48.         53.14285714 56.57142857 60.
 68.57142857 54.85714286 51.42857143 58.28571429], [ 3.42857143 48.         53.14285714 56.57142857 60.         68.57142857
 54.85714286 51.42857143 58.28571429 65.14285714], [11.85680191 12.20047733 11.51312649 12.54415274 19.4176611  19.07398568
 13.91885442 17.69928401 11.16945107  4.63961814], [11.85680191 12.20047733 11.51312649 12.54415274 19.4176611  19.07398568
 13.91885442 17.69928401 11.16945107  4.63961814]
/home/jchakrab/datafiles/obsgroups_corrected/16-dec-22_2.16.txt.txt, [ 0.  15.  19.5 27.  31.5 21.  13.5 33.  43.5 49.5], [15.  19.5 27.  31.5 21.  13.5 33.  43.5 49.5 64.5], [0.15031315 0.45093946 0.75156576 1.05219207 1.35281837 1.65344468
 1.95407098 2.25469729 3.45720251 3.1565762 ], [0.15031315 0.45093946 0.75156576 1.05219207 1.35281837 1.65344468
 1.95407098 2.25469729 3.45720251 3.1565762 ]
/home/jchakrab/datafiles/obsgroups_corrected/07-may-29_2.12.txt.txt, [  0.  14.  24.  16.  42.  18.  20.  76.  52. 116.], [ 14.  24.  16.  42.  18.  20.  76.  52. 116.  56.], [0.2005571  0.60167131 1.00278552 1.40389972 1.80501393 2.20612813
 2.60724234 4.61281337 4.21169916 5.01392758], [0.2005571  0.60167131 1.00278552 1.40389972 1.80501393 2.20612813
 2.60724234 4.61281337 4.21169916 5.01392758]
/home/jchakrab/datafiles/obsgroups_corrected/09-aug-13_2.12.txt.txt, [ 0.  4. 10.  9. 21. 18. 15. 19. 31. 30.], [ 4. 10.  9. 21. 18. 15. 19. 31. 30. 20.], [0.10013908 0.30041725 0.50069541 0.70097357 0.90125174 2.10292072
 2.30319889 1.90264256 1.1015299  2.50347705], [0.10013908 0.30041725 0.50069541 0.70097357 0.90125174 2.10292072
 2.30319889 1.90264256 1.1015299  2.50347705]
/home/jchakrab/datafiles/obsgroups_corrected/16-feb-28_2.16.txt.txt, [ 0.          3.42857143 15.42857143  6.85714286 17.14285714 27.42857143
 29.14285714 24.         37.71428571 22.28571429], [ 3.42857143 15.42857143  6.85714286 17.14285714 27.42857143 29.14285714
 24.         37.71428571 22.28571429 39.42857143], [ 2.92124105  3.26491647  2.57756563  3.60859189  3.9522673   2.23389021
  7.7326969   8.07637232 18.73031026  4.29594272], [ 2.92124105  3.26491647  2.57756563  3.60859189  3.9522673   2.23389021
  7.7326969   8.07637232 18.73031026  4.29594272]
/home/jchakrab/datafiles/obsgroups_corrected/07-mar-17_misc.txt.txt, [  0.   10.8   9.6   8.4   6.   22.8  21.6  33.6  16.8 109.2], [ 10.8   9.6   8.4   6.   22.8  21.6  33.6  16.8 109.2  36. ], [0.12020033 0.360601   0.60100167 0.84140234 2.76460768 1.08180301
 2.52420701 1.32220367 3.00500835 2.28380634], [0.12020033 0.360601   0.60100167 0.84140234 2.76460768 1.08180301
 2.52420701 1.32220367 3.00500835 2.28380634]
/home/jchakrab/datafiles/obsgroups_corrected/16-may-10_2.16.txt.txt, [  0.  16.   4.  28.  48.  76. 172. 136. 100.  64.], [ 16.   4.  28.  48.  76. 172. 136. 100.  64.  88.], [13.27374302  6.83798883 14.07821229  7.6424581  12.46927374  6.03351955
  8.44692737 14.88268156  5.22905028 11.66480447], [13.27374302  6.83798883 14.07821229  7.6424581  12.46927374  6.03351955
  8.44692737 14.88268156  5.22905028 11.66480447]
/home/jchakrab/datafiles/obsgroups_corrected/09-aug-23_2.12.txt.txt, [ 0.          4.36363636 19.63636364 29.45454545 25.09090909 26.18181818
 28.36363636 18.54545455 34.90909091 40.36363636], [ 4.36363636 19.63636364 29.45454545 25.09090909 26.18181818 28.36363636
 18.54545455 34.90909091 40.36363636 22.90909091], [0.10925645 0.32776935 0.54628225 0.76479514 0.98330804 1.20182094
 2.29438543 2.51289833 2.07587253 1.42033384], [0.10925645 0.32776935 0.54628225 0.76479514 0.98330804 1.20182094
 2.29438543 2.51289833 2.07587253 1.42033384]
/home/jchakrab/datafiles/obsgroups_corrected/10-jun-24_2.3.txt.txt, [ 0.          1.33333333 20.         17.33333333 21.33333333 29.33333333
  8.         12.         52.         56.        ], [ 1.33333333 20.         17.33333333 21.33333333 29.33333333  8.
 12.         52.         56.          9.33333333], [2.27087199 2.5380334  1.20222635 1.46938776 2.00371058 0.93506494
 2.80519481 1.73654917 0.66790353 0.40074212], [2.27087199 2.5380334  1.20222635 1.46938776 2.00371058 0.93506494
 2.80519481 1.73654917 0.66790353 0.40074212]
/home/jchakrab/datafiles/obsgroups_corrected/15-nov-28_2.16.txt.txt, [  0.  12. 324. 288. 216. 264. 300. 252. 336. 144.], [ 12.   0. 324. 288. 216. 264. 300. 252. 336. 144.], [20.74576271 18.30508475 23.18644068 25.62711864 15.86440678 13.42372881
 28.06779661  1.22033898  3.66101695  6.10169492], [20.74576271 18.30508475 23.18644068 25.62711864 15.86440678 13.42372881
 28.06779661  1.22033898  3.66101695  6.10169492]
/home/jchakrab/datafiles/obsgroups_corrected/00-sep-23_2.3.txt.txt, [ 0.          1.33333333 17.33333333 14.66666667 13.33333333 21.33333333
 20.         12.         49.33333333 48.        ], [ 1.33333333 17.33333333 14.66666667 13.33333333 21.33333333 20.
 12.         49.33333333 48.         52.        ], [1.20222635 0.93506494 1.46938776 0.66790353 0.40074212 0.13358071
 1.73654917 2.00371058 2.27087199 2.5380334 ], [1.20222635 0.93506494 1.46938776 0.66790353 0.40074212 0.13358071
 1.73654917 2.00371058 2.27087199 2.5380334 ]
/home/jchakrab/datafiles/obsgroups_corrected/07-may-29_2.07.txt.txt, [ 0. 24. 14. 30. 28. 64. 34. 48. 62. 72.], [24. 14. 30. 28. 64. 34. 48. 62. 72. 68.], [0.2005571  0.60167131 1.00278552 1.40389972 1.80501393 2.20612813
 4.21169916 4.61281337 3.81058496 2.60724234], [0.2005571  0.60167131 1.00278552 1.40389972 1.80501393 2.20612813
 4.21169916 4.61281337 3.81058496 2.60724234]
/home/jchakrab/datafiles/obsgroups_corrected/10-sep-30_2.0.txt.txt, [ 0.         18.85714286 22.28571429 24.         20.57142857 25.71428571
 27.42857143 54.85714286 51.42857143 58.28571429], [18.85714286 22.28571429 24.         20.57142857 25.71428571 27.42857143
 54.85714286 51.42857143 58.28571429 56.57142857], [0.17183771 0.51551313 0.85918854 1.20286396 1.54653938 1.8902148
 5.32696897 4.98329356 8.76372315 9.10739857], [0.17183771 0.51551313 0.85918854 1.20286396 1.54653938 1.8902148
 5.32696897 4.98329356 8.76372315 9.10739857]
/home/jchakrab/datafiles/obsgroups_corrected/07-may-29_2.0.txt.txt, [ 0. 16. 24. 28. 30. 52. 18. 50. 54. 86.], [16. 24. 28. 30. 52. 18. 50. 54. 86. 48.], [0.2005571  0.60167131 1.00278552 1.40389972 1.80501393 8.62395543
 2.20612813 4.21169916 8.22284123 6.21727019], [0.2005571  0.60167131 1.00278552 1.40389972 1.80501393 8.62395543
 2.20612813 4.21169916 8.22284123 6.21727019]
/home/jchakrab/datafiles/obsgroups_corrected/12-oct-28_2.16.txt.txt, [ 0.   7.5  6.   9.  18.  34.5 27.  63.  43.5 51. ], [ 7.5  6.   9.  18.  34.5 27.  63.  43.5 51.  24. ], [0.15031315 0.45093946 0.75156576 1.05219207 1.35281837 1.65344468
 1.95407098 3.45720251 3.75782881 3.1565762 ], [0.15031315 0.45093946 0.75156576 1.05219207 1.35281837 1.65344468
 1.95407098 3.45720251 3.75782881 3.1565762 ]
/home/jchakrab/datafiles/obsgroups_corrected/09-sep-30_2.23.txt.txt, [ 0.  19.2 38.4 24.  67.2 69.6 21.6 40.8 36.  62.4], [19.2 38.4 24.  67.2 69.6 21.6 40.8 36.  62.4 64.8], [0.24080268 0.72240803 1.20401338 1.68561873 2.16722408 2.64882943
 5.05685619 5.53846154 3.13043478 4.57525084], [0.24080268 0.72240803 1.20401338 1.68561873 2.16722408 2.64882943
 5.05685619 5.53846154 3.13043478 4.57525084]
/home/jchakrab/datafiles/obsgroups_corrected/00-aug-9_2.3.txt.txt, [ 0.  15.6  9.6 13.2 12.  18.  28.8 52.8 72.  69.6], [15.6  9.6 13.2 12.  18.  28.8 52.8 72.  69.6 39.6], [3.72621035 3.96661102 2.28380634 6.3706177  2.04340568 3.48580968
 6.13021703 2.52420701 0.12020033 6.61101836], [3.72621035 3.96661102 2.28380634 6.3706177  2.04340568 3.48580968
 6.13021703 2.52420701 0.12020033 6.61101836]
/home/jchakrab/datafiles/obsgroups_corrected/09-aug-26_2.23.txt.txt, [ 0.   8.4 10.8 13.2 16.8 31.2 19.2 18.  54.  30. ], [ 8.4 10.8 13.2 16.8 31.2 19.2 18.  54.  30.  33.6], [0.12020033 0.360601   0.60100167 2.52420701 0.84140234 2.76460768
 2.28380634 1.08180301 5.16861436 4.92821369], [0.12020033 0.360601   0.60100167 2.52420701 0.84140234 2.76460768
 2.28380634 1.08180301 5.16861436 4.92821369]
/home/jchakrab/datafiles/obsgroups_corrected/09-dec-4_2.23.txt.txt, [ 0. 10. 30. 32. 28. 16. 42. 46. 44. 64.], [10. 30. 32. 28. 16. 42. 46. 44. 64. 62.], [0.2005571  0.60167131 1.00278552 1.40389972 1.80501393 2.20612813
 2.60724234 4.61281337 4.21169916 5.01392758], [0.2005571  0.60167131 1.00278552 1.40389972 1.80501393 2.20612813
 2.60724234 4.61281337 4.21169916 5.01392758]
/home/jchakrab/datafiles/obsgroups_corrected/07-may-1_misc.txt.txt, [ 0.          8.         18.66666667 30.66666667 10.66666667  6.66666667
 42.66666667 22.66666667 34.66666667 12.        ], [ 8.         18.66666667 30.66666667 10.66666667  6.66666667 42.66666667
 22.66666667 34.66666667 12.         21.33333333], [0.66790353 0.40074212 0.93506494 0.13358071 1.20222635 1.46938776
 1.73654917 3.07235622 2.80519481 3.33951763], [0.66790353 0.40074212 0.93506494 0.13358071 1.20222635 1.46938776
 1.73654917 3.07235622 2.80519481 3.33951763]
/home/jchakrab/datafiles/obsgroups_corrected/09-sep-12_2.23.txt.txt, [ 0.         12.         28.          9.33333333 10.66666667 25.33333333
 16.         13.33333333 41.33333333 54.66666667], [12.         28.          9.33333333 10.66666667 25.33333333 16.
 13.33333333 41.33333333 54.66666667 38.66666667], [2.80519481 2.5380334  3.07235622 0.13358071 0.40074212 0.66790353
 0.93506494 1.20222635 2.27087199 5.74397032], [2.80519481 2.5380334  3.07235622 0.13358071 0.40074212 0.66790353
 0.93506494 1.20222635 2.27087199 5.74397032]
/home/jchakrab/datafiles/obsgroups_corrected/13-mar-2_2.16.txt.txt, [ 0.   9.6  6.  13.2 26.4 12.  34.8 22.8 27.6 21.6], [ 9.6  6.  13.2 26.4 12.  34.8 22.8 27.6 21.6 19.2], [0.12020033 0.360601   0.60100167 0.84140234 1.08180301 1.32220367
 1.56260434 2.76460768 2.52420701 3.96661102], [0.12020033 0.360601   0.60100167 0.84140234 1.08180301 1.32220367
 1.56260434 2.76460768 2.52420701 3.96661102]
/home/jchakrab/datafiles/obsgroups_corrected/17-feb-15_2.12.txt.txt, [ 0.  5. 10. 20.  8. 21. 23. 15. 18. 25.], [ 5. 10. 20.  8. 21. 23. 15. 18. 25. 30.], [0.50069541 0.30041725 0.10013908 0.70097357 0.90125174 1.1015299
 1.30180807 1.50208623 3.30458971 3.10431154], [0.50069541 0.30041725 0.10013908 0.70097357 0.90125174 1.1015299
 1.30180807 1.50208623 3.30458971 3.10431154]
/home/jchakrab/datafiles/obsgroups_corrected/07-may-1_2.16.txt.txt, [ 0.         16.          9.33333333  6.66666667 18.66666667 25.33333333
 34.66666667 28.         12.         33.33333333], [16.          9.33333333  6.66666667 18.66666667 25.33333333 34.66666667
 28.         12.         33.33333333 40.        ], [0.13358071 0.40074212 0.66790353 0.93506494 1.20222635 2.80519481
 1.46938776 3.07235622 2.5380334  1.73654917], [0.13358071 0.40074212 0.66790353 0.93506494 1.20222635 2.80519481
 1.46938776 3.07235622 2.5380334  1.73654917]
/home/jchakrab/datafiles/obsgroups_corrected/08-feb-27_misc.txt.txt, [ 0.          6.66666667 18.66666667  9.33333333 30.66666667 21.33333333
 13.33333333 42.66666667 16.         45.33333333], [  6.66666667  18.66666667   9.33333333  30.66666667  21.33333333
  13.33333333  42.66666667  16.          45.33333333 101.33333333], [5.74397032 6.01113173 5.47680891 2.5380334  6.27829314 5.2096475
 2.80519481 2.27087199 3.07235622 0.13358071], [5.74397032 6.01113173 5.47680891 2.5380334  6.27829314 5.2096475
 2.80519481 2.27087199 3.07235622 0.13358071]
/home/jchakrab/datafiles/obsgroups_corrected/19-jan-16_2.12.txt.txt, [ 0. 15. 14. 12. 17. 18. 22. 21. 42. 37.], [15. 14. 12. 17. 18. 22. 21. 42. 37. 38.], [0.10013908 0.30041725 0.50069541 0.70097357 0.90125174 1.1015299
 2.10292072 2.30319889 1.90264256 4.30598053], [0.10013908 0.30041725 0.50069541 0.70097357 0.90125174 1.1015299
 2.10292072 2.30319889 1.90264256 4.30598053]
/home/jchakrab/datafiles/obsgroups_corrected/10-jun-30_2.12.txt.txt, [ 0.          3.27272727  5.45454545  7.63636364 27.27272727 41.45454545
 37.09090909 25.09090909 39.27272727 29.45454545], [ 3.27272727  5.45454545  7.63636364 27.27272727 41.45454545 37.09090909
 25.09090909 39.27272727 29.45454545 34.90909091], [0.10925645 0.32776935 0.54628225 0.76479514 2.29438543 0.98330804
 2.51289833 2.07587253 2.73141123 1.20182094], [0.10925645 0.32776935 0.54628225 0.76479514 2.29438543 0.98330804
 2.51289833 2.07587253 2.73141123 1.20182094]
/home/jchakrab/datafiles/obsgroups_corrected/15-nov-6_2.16.txt.txt, [  0.   4.  18.  14.  22.  16.  26. 234. 156. 116.], [  4.  18.  14.  22.  16.  26. 234. 156. 116.  50.], [ 5.41504178  3.00835655  5.81615599  2.60724234  5.01392758 13.0362117
  3.40947075 13.43732591 12.63509749  6.21727019], [ 5.41504178  3.00835655  5.81615599  2.60724234  5.01392758 13.0362117
  3.40947075 13.43732591 12.63509749  6.21727019]
/home/jchakrab/datafiles/obsgroups_corrected/09-aug-4_2.23.txt.txt, [ 0.  14.4 12.  28.8 31.2 45.6 48.  16.8 88.8 26.4], [14.4 12.  28.8 31.2 45.6 48.  16.8 88.8 26.4 72. ], [0.24080268 0.72240803 1.20401338 1.68561873 2.16722408 2.64882943
 5.53846154 3.13043478 5.05685619 6.02006689], [0.24080268 0.72240803 1.20401338 1.68561873 2.16722408 2.64882943
 5.53846154 3.13043478 5.05685619 6.02006689]
/home/jchakrab/datafiles/obsgroups_corrected/10-sep-30_2.07.txt.txt, [ 0.  16.5  6.  18.  34.5 15.  36.  25.5 42.  61.5], [16.5  6.  18.  34.5 15.  36.  25.5 42.  61.5 63. ], [0.15031315 0.45093946 0.75156576 1.05219207 1.35281837 1.65344468
 1.95407098 3.1565762  3.45720251 2.8559499 ], [0.15031315 0.45093946 0.75156576 1.05219207 1.35281837 1.65344468
 1.95407098 3.1565762  3.45720251 2.8559499 ]
/home/jchakrab/datafiles/obsgroups_corrected/09-aug-1_2.12.txt.txt, [ 0. 14. 28. 38. 26. 52. 68. 36. 54.  8.], [14. 28. 38. 26. 52. 68. 36. 54.  8. 40.], [1.80501393 2.20612813 1.40389972 1.00278552 0.60167131 0.2005571
 2.60724234 3.00835655 5.01392758 4.61281337], [1.80501393 2.20612813 1.40389972 1.00278552 0.60167131 0.2005571
 2.60724234 3.00835655 5.01392758 4.61281337]
/home/jchakrab/datafiles/obsgroups_corrected/17-jan-22_2.16.txt.txt, [ 0.  5.  6. 17.  4. 11. 29. 22. 18. 12.], [ 5.  6. 17.  4. 11. 29. 22. 18. 12. 10.], [0.10013908 0.30041725 0.50069541 0.70097357 0.90125174 1.1015299
 1.30180807 1.50208623 3.30458971 3.50486787], [0.10013908 0.30041725 0.50069541 0.70097357 0.90125174 1.1015299
 1.30180807 1.50208623 3.30458971 3.50486787]
/home/jchakrab/datafiles/obsgroups_corrected/10-sep-30_2.3.txt.txt, [  0.   13.5  16.5  12.   19.5  18.   36.   15.  274.5  37.5], [ 13.5  16.5  12.   19.5  18.   36.   15.  274.5  37.5 276. ], [0.15031315 0.45093946 0.75156576 1.05219207 3.1565762  1.35281837
 3.45720251 2.8559499  1.65344468 3.75782881], [0.15031315 0.45093946 0.75156576 1.05219207 3.1565762  1.35281837
 3.45720251 2.8559499  1.65344468 3.75782881]
/home/jchakrab/datafiles/obsgroups_corrected/10-jun-30_2.3.txt.txt, [ 0.          3.27272727  5.45454545 38.18181818 15.27272727 36.
 33.81818182 45.81818182 43.63636364 44.72727273], [ 3.27272727  5.45454545 38.18181818 15.27272727 36.         33.81818182
 45.81818182 43.63636364 44.72727273 41.45454545], [2.29438543 2.51289833 2.07587253 2.73141123 1.85735964 2.94992413
 1.63884674 3.16843703 4.47951442 4.69802731], [2.29438543 2.51289833 2.07587253 2.73141123 1.85735964 2.94992413
 1.63884674 3.16843703 4.47951442 4.69802731]
/home/jchakrab/datafiles/obsgroups_corrected/19-jan-16_2.16.txt.txt, [  0.  12. 168. 192. 324. 252. 336.  72. 132. 312.], [ 12. 168. 192. 324. 252. 336.  72. 132. 312. 108.], [13.42372881 10.98305085  8.54237288  6.10169492 15.86440678  3.66101695
  1.22033898 18.30508475 20.74576271 30.50847458], [13.42372881 10.98305085  8.54237288  6.10169492 15.86440678  3.66101695
  1.22033898 18.30508475 20.74576271 30.50847458]
/home/jchakrab/datafiles/obsgroups_corrected/00-oct-4_2.03.txt.txt, [ 0.         37.71428571 41.14285714 34.28571429 25.71428571 29.14285714
 49.71428571 46.28571429 44.57142857 32.57142857], [37.71428571 41.14285714 34.28571429 25.71428571 29.14285714 49.71428571
 46.28571429 44.57142857 32.57142857 53.14285714], [ 5.32696897  4.98329356  3.26491647 12.20047733 12.54415274  5.67064439
  2.92124105  3.60859189  7.38902148 15.98090692], [ 5.32696897  4.98329356  3.26491647 12.20047733 12.54415274  5.67064439
  2.92124105  3.60859189  7.38902148 15.98090692]
/home/jchakrab/datafiles/obsgroups_corrected/09-sep-27_2.23.txt.txt, [ 0. 14. 28. 22. 42. 12. 26. 36. 38. 68.], [14. 28. 22. 42. 12. 26. 36. 38. 68. 58.], [1.00278552 1.40389972 0.60167131 0.2005571  1.80501393 2.20612813
 2.60724234 4.61281337 4.21169916 5.01392758], [1.00278552 1.40389972 0.60167131 0.2005571  1.80501393 2.20612813
 2.60724234 4.61281337 4.21169916 5.01392758]
/home/jchakrab/datafiles/obsgroups_corrected/07-feb-24_misc.txt.txt, [  0.           5.14285714  17.14285714  29.14285714  20.57142857
   8.57142857  25.71428571 130.28571429  41.14285714 118.28571429], [  5.14285714  17.14285714  29.14285714  20.57142857   8.57142857
  25.71428571 130.28571429  41.14285714 118.28571429 106.28571429], [0.51551313 0.17183771 0.85918854 1.20286396 1.54653938 1.8902148
 3.60859189 3.26491647 3.9522673  4.29594272], [0.51551313 0.17183771 0.85918854 1.20286396 1.54653938 1.8902148
 3.60859189 3.26491647 3.9522673  4.29594272]
/home/jchakrab/datafiles/obsgroups_corrected/15-nov-21_2.16.txt.txt, [  0.   6. 258. 246. 348. 108.  96. 156.  84. 234.], [  6. 258. 246. 348. 108.  96. 156.  84. 234. 324.], [23.59663866  4.23529412  5.44537815  3.02521008 22.38655462  1.81512605
 17.54621849  0.60504202 18.75630252 24.80672269], [23.59663866  4.23529412  5.44537815  3.02521008 22.38655462  1.81512605
 17.54621849  0.60504202 18.75630252 24.80672269]
/home/jchakrab/datafiles/obsgroups_corrected/06-apr-15_misc.txt.txt, [  0.   12.    9.6  31.2  33.6  14.4  19.2  48.   86.4 122.4], [ 12.    9.6  31.2  33.6  14.4  19.2  48.   86.4 122.4  98.4], [0.24080268 0.72240803 1.20401338 1.68561873 2.16722408 2.64882943
 3.13043478 5.53846154 5.05685619 6.02006689], [0.24080268 0.72240803 1.20401338 1.68561873 2.16722408 2.64882943
 3.13043478 5.53846154 5.05685619 6.02006689]
/home/jchakrab/datafiles/obsgroups_corrected/08-apr-23_misc.txt.txt, [ 0.         13.33333333 28.         25.33333333 17.33333333 26.66666667
 12.         29.33333333 57.33333333 56.        ], [13.33333333 28.         25.33333333 17.33333333 26.66666667 12.
 29.33333333 57.33333333 56.         30.66666667], [6.01113173 5.74397032 8.14842301 8.41558442 6.27829314 7.8812616
 4.14100186 3.87384045 8.68274583 5.47680891], [6.01113173 5.74397032 8.14842301 8.41558442 6.27829314 7.8812616
 4.14100186 3.87384045 8.68274583 5.47680891]
/home/jchakrab/datafiles/obsgroups_corrected/10-sep-30_2.12.txt.txt, [ 0.  20.4  6.   8.4  9.6 21.6 32.4  7.2 19.2 22.8], [20.4  6.   8.4  9.6 21.6 32.4  7.2 19.2 22.8 33.6], [3.96661102 2.52420701 0.12020033 0.360601   2.28380634 0.60100167
 3.72621035 4.20701169 0.84140234 2.76460768], [3.96661102 2.52420701 0.12020033 0.360601   2.28380634 0.60100167
 3.72621035 4.20701169 0.84140234 2.76460768]
/home/jchakrab/datafiles/obsgroups_corrected/09-oct-19_misc.txt.txt, [  0.  39.  42.  36.  48. 141.  51.  33.  81.  45.], [ 39.  42.  36.  48. 141.  51.  33.  81.  45.  54.], [0.30125523 0.90376569 1.50627615 2.10878661 2.71129707 3.31380753
 6.32635983 6.92887029 5.72384937 9.94142259], [0.30125523 0.90376569 1.50627615 2.10878661 2.71129707 3.31380753
 6.32635983 6.92887029 5.72384937 9.94142259]
/home/jchakrab/datafiles/obsgroups_corrected/09-aug-23_2.16.txt.txt, [ 0.          4.36363636 22.90909091 19.63636364 38.18181818 29.45454545
 28.36363636 44.72727273 43.63636364  3.27272727], [ 4.36363636 22.90909091 19.63636364 38.18181818 29.45454545 28.36363636
 44.72727273 43.63636364  3.27272727 53.45454545], [0.10925645 0.32776935 0.54628225 0.76479514 0.98330804 1.20182094
 2.29438543 2.51289833 2.07587253 1.42033384], [0.10925645 0.32776935 0.54628225 0.76479514 0.98330804 1.20182094
 2.29438543 2.51289833 2.07587253 1.42033384]
/home/jchakrab/datafiles/obsgroups_corrected/19-jan-62_2.16.txt.txt, [  0.  12.  52.  24.  84. 244. 224. 208. 160. 112.], [ 12.  52.  24.  84. 244. 224. 208. 160. 112. 144.], [10.05586592 10.8603352   9.25139665 11.66480447  0.40223464  1.20670391
  2.01117318 14.88268156  2.81564246  8.44692737], [10.05586592 10.8603352   9.25139665 11.66480447  0.40223464  1.20670391
  2.01117318 14.88268156  2.81564246  8.44692737]
/home/jchakrab/datafiles/obsgroups_corrected/00-dec-29_2.07.txt.txt, [ 0.  20.4 48.  52.8 26.4 44.4 46.8 42.  22.8 50.4], [20.4 48.  52.8 26.4 44.4 46.8 42.  22.8 50.4 51.6], [12.14023372 12.38063439  0.12020033  0.360601    0.60100167  0.84140234
 11.89983306  1.08180301  6.13021703  5.88981636], [12.14023372 12.38063439  0.12020033  0.360601    0.60100167  0.84140234
 11.89983306  1.08180301  6.13021703  5.88981636]
/home/jchakrab/datafiles/obsgroups_corrected/00-aug-18_2.3.txt.txt, [ 0.  9.  8. 11. 10. 21. 32. 19. 16. 22.], [ 9.  8. 11. 10. 21. 32. 19. 16. 22. 23.], [1.90264256 2.10292072 1.70236439 2.30319889 1.50208623 4.30598053
 5.30737135 4.10570236 3.10431154 5.50764951], [1.90264256 2.10292072 1.70236439 2.30319889 1.50208623 4.30598053
 5.30737135 4.10570236 3.10431154 5.50764951]
/home/jchakrab/datafiles/obsgroups_corrected/16-dec-22_2.12.txt.txt, [ 0.          8.          6.66666667 21.33333333 26.66666667  5.33333333
 29.33333333 14.66666667 28.         50.66666667], [ 8.          6.66666667 21.33333333 26.66666667  5.33333333 29.33333333
 14.66666667 28.         50.66666667 37.33333333], [0.13358071 0.40074212 0.66790353 0.93506494 1.20222635 1.46938776
 1.73654917 3.07235622 2.80519481 3.33951763], [0.13358071 0.40074212 0.66790353 0.93506494 1.20222635 1.46938776
 1.73654917 3.07235622 2.80519481 3.33951763]
/home/jchakrab/datafiles/obsgroups_corrected/10-jun-24_2.17.txt.txt, [  0.   12.   16.8  33.6  28.8  50.4  38.4  21.6  98.4 115.2], [ 12.   16.8  33.6  28.8  50.4  38.4  21.6  98.4 115.2  62.4], [0.24080268 0.72240803 1.20401338 1.68561873 2.16722408 2.64882943
 3.13043478 3.61204013 4.09364548 4.57525084], [0.24080268 0.72240803 1.20401338 1.68561873 2.16722408 2.64882943
 3.13043478 3.61204013 4.09364548 4.57525084]
/home/jchakrab/datafiles/obsgroups_corrected/17-feb-15_2.16.txt.txt, [ 0.  20.4  4.8  9.6 22.8 18.   7.2 46.8 25.2 69.6], [20.4  4.8  9.6 22.8 18.   7.2 46.8 25.2 69.6 81.6], [0.12020033 0.360601   0.60100167 0.84140234 1.08180301 1.32220367
 1.56260434 2.76460768 2.52420701 1.80300501], [0.12020033 0.360601   0.60100167 0.84140234 1.08180301 1.32220367
 1.56260434 2.76460768 2.52420701 1.80300501]
/home/jchakrab/datafiles/obsgroups_corrected/09-aug-4_misc.txt.txt, [ 0.          1.09090909  9.81818182  6.54545455 18.54545455 28.36363636
 30.54545455 21.81818182 16.36363636 40.36363636], [ 1.09090909  9.81818182  6.54545455 18.54545455 28.36363636 30.54545455
 21.81818182 16.36363636 40.36363636 39.27272727], [1.85735964 2.07587253 1.63884674 2.29438543 1.42033384 2.51289833
 1.20182094 5.79059181 5.57207891 6.0091047 ], [1.85735964 2.07587253 1.63884674 2.29438543 1.42033384 2.51289833
 1.20182094 5.79059181 5.57207891 6.0091047 ]
/home/jchakrab/datafiles/obsgroups_corrected/00-dec-29_2.3.txt.txt, [ 0. 15. 33.  9. 14. 49. 54. 23. 44. 13.], [15. 33.  9. 14. 49. 54. 23. 44. 13. 16.], [0.50069541 0.30041725 0.10013908 0.70097357 0.90125174 1.1015299
 1.30180807 1.50208623 3.30458971 3.50486787], [0.50069541 0.30041725 0.10013908 0.70097357 0.90125174 1.1015299
 1.30180807 1.50208623 3.30458971 3.50486787]
/home/jchakrab/datafiles/obsgroups_corrected/09-aug-1_2.16.txt.txt, [ 0.  4.  6. 19. 28.  7. 13. 15. 26. 11.], [ 4.  6. 19. 28.  7. 13. 15. 26. 11. 12.], [1.1015299  1.30180807 0.90125174 0.70097357 0.50069541 1.50208623
 0.30041725 0.10013908 1.70236439 3.50486787], [1.1015299  1.30180807 0.90125174 0.70097357 0.50069541 1.50208623
 0.30041725 0.10013908 1.70236439 3.50486787]
/home/jchakrab/datafiles/obsgroups_corrected/09-aug-4_2.3.txt.txt, [  0.    1.5   6.    9.   33.   61.5  31.5  15.   82.5 118.5], [  1.5   6.    9.   33.   61.5  31.5  15.   82.5 118.5  57. ], [2.25469729 2.55532359 0.15031315 4.35908142 0.45093946 0.75156576
 4.05845511 4.65970772 2.8559499  1.95407098], [2.25469729 2.55532359 0.15031315 4.35908142 0.45093946 0.75156576
 4.05845511 4.65970772 2.8559499  1.95407098]
/home/jchakrab/datafiles/obsgroups_corrected/09-aug-13_2.16.txt.txt, [ 0.         13.09090909 15.27272727 16.36363636 14.18181818 12.
 27.27272727 51.27272727 33.81818182 50.18181818], [13.09090909 15.27272727 16.36363636 14.18181818 12.         27.27272727
 51.27272727 33.81818182 50.18181818 34.90909091], [1.85735964 1.63884674 5.79059181 5.57207891 2.07587253 3.16843703
 1.42033384 4.47951442 6.0091047  4.26100152], [1.85735964 1.63884674 5.79059181 5.57207891 2.07587253 3.16843703
 1.42033384 4.47951442 6.0091047  4.26100152]
/home/jchakrab/datafiles/obsgroups_corrected/12-jan-27_2.0.txt.txt, [ 0. 16. 22. 18. 20. 48. 24. 46. 50. 52.], [16. 22. 18. 20. 48. 24. 46. 50. 52. 28.], [0.2005571  0.60167131 1.00278552 1.40389972 1.80501393 5.41504178
 5.81615599 3.00835655 5.01392758 3.40947075], [0.2005571  0.60167131 1.00278552 1.40389972 1.80501393 5.41504178
 5.81615599 3.00835655 5.01392758 3.40947075]
/home/jchakrab/datafiles/obsgroups_corrected/17-feb-32_2.16.txt.txt, [  0.          22.66666667  25.33333333  29.33333333  20.
  32.          34.66666667  26.66666667  28.         124.        ], [ 22.66666667  25.33333333  29.33333333  20.          32.
  34.66666667  26.66666667  28.         124.          53.33333333], [2.27087199 2.5380334  3.87384045 0.13358071 4.14100186 0.40074212
 0.66790353 3.60667904 2.80519481 2.00371058], [2.27087199 2.5380334  3.87384045 0.13358071 4.14100186 0.40074212
 0.66790353 3.60667904 2.80519481 2.00371058]
/home/jchakrab/datafiles/obsgroups_corrected/10-sep-30_2.03.txt.txt, [ 0.         18.85714286 22.28571429 20.57142857 24.         25.71428571
 42.85714286 27.42857143 65.14285714 66.85714286], [18.85714286 22.28571429 20.57142857 24.         25.71428571 42.85714286
 27.42857143 65.14285714 66.85714286 96.        ], [0.17183771 0.51551313 0.85918854 1.20286396 1.54653938 1.8902148
 5.32696897 5.67064439 2.23389021 4.98329356], [0.17183771 0.51551313 0.85918854 1.20286396 1.54653938 1.8902148
 5.32696897 5.67064439 2.23389021 4.98329356]
/home/jchakrab/datafiles/obsgroups_corrected/07-may-29_2.17.txt.txt, [ 0. 24. 16. 28. 20. 14. 50. 34. 52. 56.], [24. 16. 28. 20. 14. 50. 34. 52. 56. 76.], [0.2005571  0.60167131 1.00278552 1.40389972 1.80501393 2.20612813
 2.60724234 6.6183844  4.21169916 6.21727019], [0.2005571  0.60167131 1.00278552 1.40389972 1.80501393 2.20612813
 2.60724234 6.6183844  4.21169916 6.21727019]
/home/jchakrab/datafiles/obsgroups_corrected/00-oct-4_2.0.txt.txt, [ 0.          3.42857143 34.28571429 37.71428571 42.85714286 39.42857143
 30.85714286 46.28571429 70.28571429 66.85714286], [ 3.42857143 34.28571429 37.71428571 42.85714286 39.42857143 30.85714286
 46.28571429 70.28571429 66.85714286 41.14285714], [ 4.98329356  4.63961814  5.32696897  4.29594272  5.67064439  3.9522673
 13.91885442 14.26252983 13.575179   10.13842482], [ 4.98329356  4.63961814  5.32696897  4.29594272  5.67064439  3.9522673
 13.91885442 14.26252983 13.575179   10.13842482]
/home/jchakrab/datafiles/obsgroups_corrected/17-mar-27_2.12.txt.txt, [ 0.   2.4 19.2 24.   7.2 21.6 31.2 43.2 26.4 33.6], [ 2.4 19.2 24.   7.2 21.6 31.2 43.2 26.4 33.6 67.2], [ 4.09364548  4.57525084  3.61204013  5.05685619  3.13043478  5.53846154
  2.64882943  6.02006689 18.06020067 18.54180602], [ 4.09364548  4.57525084  3.61204013  5.05685619  3.13043478  5.53846154
  2.64882943  6.02006689 18.06020067 18.54180602]
/home/jchakrab/datafiles/obsgroups_corrected/17-mar-27_2.16.txt.txt, [ 0.         15.42857143  6.85714286  3.42857143 24.         18.85714286
  8.57142857 30.85714286 42.85714286 27.42857143], [15.42857143  6.85714286  3.42857143 24.         18.85714286  8.57142857
 30.85714286 42.85714286 27.42857143 29.14285714], [4.98329356 4.63961814 5.32696897 4.29594272 5.67064439 3.9522673
 6.01431981 3.60859189 3.26491647 6.35799523], [4.98329356 4.63961814 5.32696897 4.29594272 5.67064439 3.9522673
 6.01431981 3.60859189 3.26491647 6.35799523]
/home/jchakrab/datafiles/obsgroups_corrected/00-dec-29_2.0.txt.txt, [ 0.          3.42857143 10.28571429 37.71428571 22.28571429 49.71428571
 44.57142857 61.71428571 56.57142857 25.71428571], [ 3.42857143 10.28571429 37.71428571 22.28571429 49.71428571 44.57142857
 61.71428571 56.57142857 25.71428571 72.        ], [11.85680191 11.51312649  3.26491647 12.20047733  2.92124105  3.60859189
  3.9522673  11.16945107  2.57756563  4.29594272], [11.85680191 11.51312649  3.26491647 12.20047733  2.92124105  3.60859189
  3.9522673  11.16945107  2.57756563  4.29594272]
/home/jchakrab/datafiles/obsgroups_corrected/09-sep-12_2.12.txt.txt, [ 0.         12.          9.33333333 28.         30.66666667 33.33333333
 10.66666667 41.33333333 54.66666667  6.66666667], [12.          9.33333333 28.         30.66666667 33.33333333 10.66666667
 41.33333333 54.66666667  6.66666667 16.        ], [2.80519481 3.07235622 2.5380334  0.13358071 0.40074212 0.66790353
 3.33951763 0.93506494 1.20222635 2.27087199], [2.80519481 3.07235622 2.5380334  0.13358071 0.40074212 0.66790353
 3.33951763 0.93506494 1.20222635 2.27087199]
/home/jchakrab/datafiles/obsgroups_corrected/17-feb-32_2.12.txt.txt, [ 0.          1.71428571 22.28571429 13.71428571 25.71428571 34.28571429
 42.85714286 10.28571429 46.28571429 30.85714286], [ 1.71428571 22.28571429 13.71428571 25.71428571 34.28571429 42.85714286
 10.28571429 46.28571429 30.85714286 54.85714286], [2.57756563 2.23389021 2.92124105 1.8902148  1.54653938 3.26491647
 1.20286396 0.85918854 0.51551313 0.17183771], [2.57756563 2.23389021 2.92124105 1.8902148  1.54653938 3.26491647
 1.20286396 0.85918854 0.51551313 0.17183771]
/home/jchakrab/datafiles/obsgroups_corrected/01-jan-18_2.3.txt.txt, [ 0.         12.         14.66666667  6.66666667  9.33333333 29.33333333
 21.33333333 40.         17.33333333 25.33333333], [12.         14.66666667  6.66666667  9.33333333 29.33333333 21.33333333
 40.         17.33333333 25.33333333 13.33333333], [0.13358071 0.40074212 0.66790353 0.93506494 4.14100186 4.40816327
 1.20222635 2.5380334  2.80519481 5.74397032], [0.13358071 0.40074212 0.66790353 0.93506494 4.14100186 4.40816327
 1.20222635 2.5380334  2.80519481 5.74397032]
/home/jchakrab/datafiles/obsgroups_corrected/10-sep-30_2.17.txt.txt, [  0.          25.33333333  22.66666667  33.33333333  30.66666667
 277.33333333  37.33333333  36.          70.66666667  73.33333333], [ 25.33333333  22.66666667  33.33333333  30.66666667 277.33333333
  37.33333333  36.          70.66666667  73.33333333  58.66666667], [0.13358071 0.40074212 2.5380334  0.66790353 0.93506494 2.27087199
 2.80519481 1.20222635 3.07235622 2.00371058], [0.13358071 0.40074212 2.5380334  0.66790353 0.93506494 2.27087199
 2.80519481 1.20222635 3.07235622 2.00371058]
/home/jchakrab/datafiles/obsgroups_corrected/17-jan-22_2.12.txt.txt, [ 0.          7.63636364  9.81818182 17.45454545 29.45454545 21.81818182
 19.63636364 12.          8.72727273 41.45454545], [ 7.63636364  9.81818182 17.45454545 29.45454545 21.81818182 19.63636364
 12.          8.72727273 41.45454545 42.54545455], [0.10925645 0.32776935 0.54628225 0.76479514 0.98330804 1.20182094
 1.42033384 3.60546282 1.63884674 3.38694992], [0.10925645 0.32776935 0.54628225 0.76479514 0.98330804 1.20182094
 1.42033384 3.60546282 1.63884674 3.38694992]
/home/jchakrab/datafiles/obsgroups_corrected/09-aug-26_2.12.txt.txt, [ 0. 16. 14. 12. 30. 10. 32. 18. 50. 36.], [16. 14. 12. 30. 10. 32. 18. 50. 36. 34.], [0.2005571  0.60167131 1.00278552 1.40389972 1.80501393 2.20612813
 2.60724234 6.6183844  4.61281337 4.21169916], [0.2005571  0.60167131 1.00278552 1.40389972 1.80501393 2.20612813
 2.60724234 6.6183844  4.61281337 4.21169916]
/home/jchakrab/datafiles/obsgroups_corrected/17-mar-15_misc.txt.txt, [  0.  12.  24.  48. 228. 264. 276. 324. 348. 216.], [ 12.  24.   0.  48. 228. 264. 276. 324. 348. 216.], [ 1.22033898  3.66101695  6.10169492  8.54237288 10.98305085 25.62711864
 28.06779661 23.18644068 13.42372881 30.50847458], [ 1.22033898  3.66101695  6.10169492  8.54237288 10.98305085 25.62711864
 28.06779661 23.18644068 13.42372881 30.50847458]
/home/jchakrab/datafiles/obsgroups_corrected/00-oct-4_2.07.txt.txt, [ 0.         41.14285714 37.71428571 29.14285714 44.57142857 32.57142857
 25.71428571 34.28571429 46.28571429 90.85714286], [41.14285714 37.71428571 29.14285714 44.57142857 32.57142857 25.71428571
 34.28571429 46.28571429 90.85714286 87.42857143], [ 3.26491647  3.60859189  2.92124105  3.9522673  12.54415274  0.17183771
  5.32696897  0.51551313  7.38902148 12.20047733], [ 3.26491647  3.60859189  2.92124105  3.9522673  12.54415274  0.17183771
  5.32696897  0.51551313  7.38902148 12.20047733]
/home/jchakrab/datafiles/obsgroups_corrected/09-nov-22_2.23.txt.txt, [ 0.  8. 10.  6. 18. 22. 31. 11.  9. 20.], [ 8. 10.  6. 18. 22. 31. 11.  9. 20. 21.], [2.10292072 1.90264256 2.30319889 0.10013908 0.30041725 0.50069541
 1.70236439 0.70097357 5.30737135 5.50764951], [2.10292072 1.90264256 2.30319889 0.10013908 0.30041725 0.50069541
 1.70236439 0.70097357 5.30737135 5.50764951]
/home/jchakrab/datafiles/obsgroups_corrected/10-jun-30_2.17.txt.txt, [ 0.  3. 27. 15. 10. 37. 22. 41. 18. 39.], [ 3. 27. 15. 10. 37. 22. 41. 18. 39. 56.], [2.30319889 2.50347705 2.10292072 2.70375522 1.90264256 2.90403338
 3.10431154 1.70236439 5.10709318 5.30737135], [2.30319889 2.50347705 2.10292072 2.70375522 1.90264256 2.90403338
 3.10431154 1.70236439 5.10709318 5.30737135]
/home/jchakrab/datafiles/obsgroups_corrected/09-sep-27_2.12.txt.txt, [ 0.          8.72727273  6.54545455  9.81818182 25.09090909 27.27272727
 22.90909091 10.90909091 14.18181818 37.09090909], [ 8.72727273  6.54545455  9.81818182 25.09090909 27.27272727 22.90909091
 10.90909091 14.18181818 37.09090909 16.36363636], [2.07587253 2.29438543 1.85735964 2.51289833 2.73141123 1.63884674
 4.69802731 4.91654021 4.47951442 2.94992413], [2.07587253 2.29438543 1.85735964 2.51289833 2.73141123 1.63884674
 4.69802731 4.91654021 4.47951442 2.94992413]
/home/jchakrab/datafiles/obsgroups_corrected/09-aug-23_misc.txt.txt, [  0.   21.6  19.2   9.6  31.2  43.2  24.   45.6 110.4  33.6], [ 21.6  19.2   9.6  31.2  43.2  24.   45.6 110.4  33.6 122.4], [0.24080268 0.72240803 1.20401338 1.68561873 2.16722408 2.64882943
 5.05685619 5.53846154 3.13043478 4.57525084], [0.24080268 0.72240803 1.20401338 1.68561873 2.16722408 2.64882943
 5.05685619 5.53846154 3.13043478 4.57525084]
/home/jchakrab/datafiles/obsgroups_corrected/13-mar-2_2.12.txt.txt, [ 0.         10.66666667  8.         14.66666667 16.         28.
 26.66666667 29.33333333 46.66666667 13.33333333], [10.66666667  8.         14.66666667 16.         28.         26.66666667
 29.33333333 46.66666667 13.33333333 97.33333333], [0.13358071 0.40074212 0.66790353 0.93506494 1.20222635 1.46938776
 2.80519481 3.07235622 2.5380334  4.40816327], [0.13358071 0.40074212 0.66790353 0.93506494 1.20222635 1.46938776
 2.80519481 3.07235622 2.5380334  4.40816327]
/home/jchakrab/datafiles/obsgroups_corrected/12-aug-21_2.0.txt.txt, [ 0. 22. 24. 18. 20. 28. 92. 16. 26. 98.], [ 22.  24.  18.  20.  28.  92.  16.  26.  98. 122.], [0.2005571  0.60167131 1.00278552 1.40389972 1.80501393 8.22284123
 8.62395543 6.21727019 5.81615599 3.81058496], [0.2005571  0.60167131 1.00278552 1.40389972 1.80501393 8.22284123
 8.62395543 6.21727019 5.81615599 3.81058496]
/home/jchakrab/datafiles/obsgroups_corrected/09-dec-4_misc.txt.txt, [ 0. 10. 32. 44. 16. 30. 24. 56. 42. 46.], [10. 32. 44. 16. 30. 24. 56. 42. 46. 64.], [1.00278552 0.60167131 0.2005571  1.40389972 1.80501393 2.20612813
 2.60724234 4.61281337 4.21169916 5.01392758], [1.00278552 0.60167131 0.2005571  1.40389972 1.80501393 2.20612813
 2.60724234 4.61281337 4.21169916 5.01392758]
/home/jchakrab/datafiles/obsgroups_corrected/11-aug-29_2.12.txt.txt, [ 0. 10. 18. 16. 28. 48. 38. 40. 22. 92.], [10. 18. 16. 28. 48. 38. 40. 22. 92. 20.], [1.40389972 1.80501393 1.00278552 0.60167131 0.2005571  2.20612813
 2.60724234 3.00835655 3.40947075 4.61281337], [1.40389972 1.80501393 1.00278552 0.60167131 0.2005571  2.20612813
 2.60724234 3.00835655 3.40947075 4.61281337]
/home/jchakrab/datafiles/obsgroups_corrected/09-aug-4_2.12.txt.txt, [ 0.         13.71428571 15.42857143 30.85714286  6.85714286 17.14285714
 22.28571429 56.57142857 36.         49.71428571], [13.71428571 15.42857143 30.85714286  6.85714286 17.14285714 22.28571429
 56.57142857 36.         49.71428571 39.42857143], [1.20286396 0.85918854 1.54653938 0.51551313 0.17183771 1.8902148
 2.23389021 2.57756563 3.9522673  6.01431981], [1.20286396 0.85918854 1.54653938 0.51551313 0.17183771 1.8902148
 2.23389021 2.57756563 3.9522673  6.01431981]
/home/jchakrab/datafiles/obsgroups_corrected/09-nov-22_2.12.txt.txt, [ 0.   7.5 13.5 18.   6.   9.  30.  42.  37.5 45. ], [ 7.5 13.5 18.   6.   9.  30.  42.  37.5 45.  49.5], [0.15031315 0.45093946 0.75156576 1.05219207 1.35281837 1.65344468
 1.95407098 3.45720251 3.75782881 2.25469729], [0.15031315 0.45093946 0.75156576 1.05219207 1.35281837 1.65344468
 1.95407098 3.45720251 3.75782881 2.25469729]
/home/jchakrab/datafiles/obsgroups_corrected/11-aug-29_misc.txt.txt, [  0.    2.4  26.4  38.4  81.6 230.4 124.8 117.6 242.4  36. ], [  2.4  26.4  38.4  81.6 230.4 124.8 117.6 242.4  36.  129.6], [3.13043478 2.64882943 3.61204013 2.16722408 4.09364548 1.68561873
 1.20401338 0.72240803 0.24080268 9.39130435], [3.13043478 2.64882943 3.61204013 2.16722408 4.09364548 1.68561873
 1.20401338 0.72240803 0.24080268 9.39130435]
/home/jchakrab/datafiles/obsgroups_corrected/10-jun-24_2.12.txt.txt, [  0.   21.6  24.   12.   19.2  52.8  50.4  55.2 110.4  76.8], [ 21.6  24.   12.   19.2  52.8  50.4  55.2 110.4  76.8 122.4], [1.68561873 1.20401338 0.72240803 0.24080268 2.16722408 2.64882943
 3.13043478 3.61204013 5.53846154 6.02006689], [1.68561873 1.20401338 0.72240803 0.24080268 2.16722408 2.64882943
 3.13043478 3.61204013 5.53846154 6.02006689]
/home/jchakrab/datafiles/obsgroups_corrected/12-jan-27_2.07.txt.txt, [ 0.  10.5 13.5  9.  51.  27.  12.  54.  52.5 39. ], [10.5 13.5  9.  51.  27.  12.  54.  52.5 39.  66. ], [0.15031315 0.45093946 0.75156576 1.05219207 1.35281837 1.65344468
 1.95407098 3.45720251 3.1565762  2.25469729], [0.15031315 0.45093946 0.75156576 1.05219207 1.35281837 1.65344468
 1.95407098 3.45720251 3.1565762  2.25469729]
/home/jchakrab/datafiles/obsgroups_corrected/07-may-29_2.3.txt.txt, [ 0. 14. 16. 12. 58. 76. 18. 42. 38. 36.], [14. 16. 12. 58. 76. 18. 42. 38. 36. 22.], [0.60167131 1.00278552 0.2005571  1.40389972 1.80501393 2.20612813
 2.60724234 4.61281337 4.21169916 6.6183844 ], [0.60167131 1.00278552 0.2005571  1.40389972 1.80501393 2.20612813
 2.60724234 4.61281337 4.21169916 6.6183844 ]
/home/jchakrab/datafiles/obsgroups_corrected/10-jun-24_misc.txt.txt, [ 0.   1.2  3.6 18.  14.4 20.4 21.6 24.  27.6 51.6], [ 1.2  3.6 18.  14.4 20.4 21.6 24.  27.6 51.6 48. ], [1.80300501 1.56260434 2.04340568 2.28380634 1.32220367 5.88981636
 5.64941569 8.05342237 6.13021703 8.29382304], [1.80300501 1.56260434 2.04340568 2.28380634 1.32220367 5.88981636
 5.64941569 8.05342237 6.13021703 8.29382304]
/home/jchakrab/datafiles/obsgroups_corrected/19-jan-62_2.12.txt.txt, [  0.  12.  18.  42.  78. 306.  66. 120. 342. 282.], [ 12.  18.  42.  78. 306.  66. 120. 342. 282. 270.], [ 7.86554622  9.07563025  6.65546218 10.28571429 16.33613445 17.54621849
  5.44537815 15.12605042 11.49579832 18.75630252], [ 7.86554622  9.07563025  6.65546218 10.28571429 16.33613445 17.54621849
  5.44537815 15.12605042 11.49579832 18.75630252]
/home/jchakrab/datafiles/obsgroups_corrected/10-jun-30_misc.txt.txt, [ 0.   4.5  7.5  1.5 10.5 18.  21.  28.5 34.5 24. ], [ 4.5  7.5  1.5 10.5 18.  21.  28.5 34.5 24.  13.5], [4.96033403 4.65970772 5.26096033 4.35908142 5.56158664 4.05845511
 5.86221294 1.95407098 2.25469729 8.26722338], [4.96033403 4.65970772 5.26096033 4.35908142 5.56158664 4.05845511
 5.86221294 1.95407098 2.25469729 8.26722338]
/home/jchakrab/datafiles/obsgroups_corrected/06-jun-22_misc.txt.txt, [ 0.  5.  4.  7. 14. 13. 23. 37. 16. 12.], [ 5.  4.  7. 14. 13. 23. 37. 16. 12. 10.], [1.1015299  1.30180807 0.90125174 0.70097357 1.50208623 0.50069541
 0.30041725 0.10013908 1.70236439 1.90264256], [1.1015299  1.30180807 0.90125174 0.70097357 1.50208623 0.50069541
 0.30041725 0.10013908 1.70236439 1.90264256]
/home/jchakrab/datafiles/obsgroups_corrected/00-aug-2_2.3.txt.txt, [ 0.          6.54545455  8.72727273 12.         18.54545455  9.81818182
 20.72727273 22.90909091 16.36363636 31.63636364], [ 6.54545455  8.72727273 12.         18.54545455  9.81818182 20.72727273
 22.90909091 16.36363636 31.63636364 56.72727273], [0.98330804 0.76479514 0.54628225 0.32776935 0.10925645 1.20182094
 1.42033384 3.60546282 3.38694992 2.29438543], [0.98330804 0.76479514 0.54628225 0.32776935 0.10925645 1.20182094
 1.42033384 3.60546282 3.38694992 2.29438543]
/home/jchakrab/datafiles/obsgroups_corrected/12-sep-20_misc.txt.txt, [ 0.         15.27272727 18.54545455  3.27272727  6.54545455 24.
 12.         17.45454545  8.72727273 38.18181818], [15.27272727 18.54545455  3.27272727  6.54545455 24.         12.
 17.45454545  8.72727273 38.18181818 31.63636364], [2.29438543 2.51289833 2.07587253 2.73141123 0.10925645 1.85735964
 0.32776935 0.54628225 0.76479514 4.69802731], [2.29438543 2.51289833 2.07587253 2.73141123 0.10925645 1.85735964
 0.32776935 0.54628225 0.76479514 4.69802731]
