,normeddate,absdate,power,lon,fixedlon
0,0.39122897722088745,1997-09-19,457.6666666666667,158.5,340.75
1,0.3897691676043916,1997-09-17,79.5,448.5,142.75
2,0.09634743468872602,1996-08-11,381.3557209997045,592.0,111.0
3,0.897053009336699,1999-08-13,0.0,353.5,183.25
4,0.9737234269030747,1999-11-26,152.83333333333334,276.0,233.0
5,0.9729935220948268,1999-11-25,56.833333333333336,424.0,152.0
6,0.06496152793406526,1996-06-29,242.99999999999997,325.5,224.25
7,0.9737234269030747,1999-11-26,184.0,384.5,183.75
8,0.9737234269030747,1999-11-26,734.5419395067249,134.5,360.0
9,0.6642133755056111,1998-09-28,97.33333333333334,482.5,127.75
10,0.9393874882150787,1999-10-10,98.2573195664505,345.0,194.5
11,0.9393874882150787,1999-10-10,48.333333333333336,547.5,89.25
12,0.897053009336699,1999-08-13,411.3333333333333,269.0,268.5
13,0.09634743468872602,1996-08-11,0.0,551.5,84.25
14,0.33137678294455764,1997-06-29,0.0,381.5,169.25
15,0.8642072929655424,1999-06-29,115.49999999999999,340.0,203.0
16,0.9729935220948268,1999-11-25,171.83333333333331,244.5,255.75
17,0.9737234269030747,1999-11-26,75.80854044300102,138.0,296.0
18,0.7547519844286974,1999-01-30,408.6176915420335,422.0,197.0
19,0.9393874882150787,1999-10-10,28.499999999999996,363.5,180.25
20,0.6642133755056111,1998-09-28,136.66666666666663,481.5,132.25
21,0.0627718135093215,1996-06-26,112.5,581.5,80.25
22,0.8642072929655424,1999-06-29,787.8077389893441,340.5,253.75
23,0.5766247985158602,1998-05-31,400.3932934744409,552.5,128.75
24,0.4277546303336273,1997-11-08,250.5,401.0,190.5
25,0.06423162312581734,1996-06-28,0.0,326.5,196.75
26,0.6642133755056111,1998-09-28,135.0,406.5,168.75
27,0.7058483622760865,1998-11-24,143.83333333333334,366.0,191.0
28,0.26568535020224443,1997-03-31,518.9514513305785,288.5,278.75
29,0.6634834706973632,1998-09-27,170.16666666666666,332.5,210.75
30,0.39049907241263954,1997-09-18,227.16666666666666,393.5,185.25
31,0.4569508226635443,1997-12-18,982.7751112413164,341.0,265.5
32,0.06569143274231319,1996-06-30,64.33333333333333,248.5,239.75
33,0.7058483622760865,1998-11-24,0.0,449.5,135.25
34,0.7058483622760865,1998-11-24,161.72418861119587,449.0,145.5
35,0.06569143274231319,1996-06-30,214.66666666666669,248.0,259.0
36,0.39122897722088745,1997-09-19,426.14502644719846,157.0,326.5
37,0.8649371977737903,1999-06-30,603.7890705294207,566.5,131.75
38,0.9393874882150787,1999-10-10,797.9015727089754,145.0,342.5
39,0.4277546303336273,1997-11-08,50.333333333333286,402.0,162.0
40,0.6123901341200085,1998-07-19,113.65153081404489,495.5,119.25
41,0.3897691676043916,1997-09-17,337.7822512694088,450.5,175.75
42,0.09634743468872602,1996-08-11,3.166666666666667,288.5,215.75
43,0.9737234269030747,1999-11-26,52.5,277.0,224.5
44,0.9737234269030747,1999-11-26,172.66666666666669,275.0,244.5
45,0.7051184574678385,1998-11-23,64.66666666666666,322.5,205.75
46,0.39122897722088745,1997-09-19,233.1666666666666,155.5,307.25
47,0.06496152793406526,1996-06-29,79.4564875822383,316.5,209.75
48,0.8642072929655424,1999-06-29,58.5,343.0,194.5
49,0.39122897722088745,1997-09-19,0.0,158.5,280.75
50,0.9204099632006326,1999-09-14,1025.264563113163,150.5,360.0
51,0.9204099632006326,1999-09-14,473.08885108005524,316.5,258.75
52,0.9204099632006326,1999-09-14,963.7313105684711,149.0,360.0
53,0.2649554453939965,1997-03-30,188.66666666666669,241.5,252.25
54,0.9379276785985827,1999-10-08,222.00000000000003,525.5,122.25
55,0.6642133755056111,1998-09-28,213.16666666666663,407.5,176.25
56,0.9379276785985827,1999-10-08,417.07639815116977,473.0,171.5
57,0.9393874882150787,1999-10-10,83.66666666666663,346.5,195.75
58,0.8963231045284511,1999-08-12,152.74055037672136,548.0,103.0
59,0.2576563973115173,1997-03-20,91.83333333333334,355.0,189.5
60,0.39998783491986256,1997-10-01,293.66666666666663,223.0,282.5
61,0.6131200389282564,1998-07-20,0.0,245.0,237.5
62,0.39122897722088745,1997-09-19,0.0,311.0,204.5
63,0.9379276785985827,1999-10-08,238.16666666666663,243.0,260.5
64,0.6642133755056111,1998-09-28,334.3030101991629,420.0,174.0
65,0.4014476445363584,1997-10-03,106.83333333333334,360.0,190.0
66,0.39049907241263954,1997-09-18,750.4886164651052,240.5,326.75
67,0.3897691676043916,1997-09-17,515.7758244244551,453.0,178.5
68,0.06569143274231319,1996-06-30,320.9314054335411,446.0,168.0
69,0.9737234269030747,1999-11-26,350.0789453146572,385.5,197.25
70,0.6642133755056111,1998-09-28,113.33333333333333,407.5,170.25
71,0.9729935220948268,1999-11-25,0.0,424.5,147.75
72,0.9729935220948268,1999-11-25,159.5,248.0,246.0
73,0.39122897722088745,1997-09-19,443.33333333333337,149.0,320.5
74,0.9379276785985827,1999-10-08,91.66666666666666,531.0,102.5
75,0.9379276785985827,1999-10-08,0.0,249.0,235.5
76,0.9379276785985827,1999-10-08,119.66666666666666,247.0,246.5
77,0.06715124235880904,1996-07-02,176.16666666666666,536.0,108.0
78,0.39122897722088745,1997-09-19,215.19847022743224,262.0,255.0
79,0.9729935220948268,1999-11-25,0.0,428.5,145.75
80,0.9393874882150787,1999-10-10,0.0,147.5,286.25
81,0.9737234269030747,1999-11-26,180.34051602493898,136.0,311.0
82,0.7058483622760865,1998-11-24,167.66666666666666,366.5,197.75
83,0.39998783491986256,1997-10-01,870.4850715494113,538.5,203.75
84,0.9393874882150787,1999-10-10,256.33333333333337,147.0,314.5
85,0.9737234269030747,1999-11-26,72.16666666666667,494.5,120.75
86,0.9204099632006326,1999-09-14,0.0,324.0,198.0
87,0.6634834706973632,1998-09-27,102.66666666666666,364.0,190.0
88,0.5751649888993644,1998-05-29,477.30300661233633,363.0,216.5
89,0.9379276785985827,1999-10-08,0.0,523.0,98.5
90,0.9379276785985827,1999-10-08,109.48439552136729,244.0,251.0
91,0.06569143274231319,1996-06-30,274.0034230665576,460.5,160.75
92,0.9737234269030747,1999-11-26,0.0,497.0,111.5
93,0.9737234269030747,1999-11-26,522.1991854251302,499.5,152.25
94,0.8649371977737903,1999-06-30,167.69091148711078,560.0,95.0
95,0.4554910130470484,1997-12-16,266.5141358441494,456.0,161.0
96,0.06496152793406526,1996-06-29,138.16666666666666,326.0,210.0
97,0.9737234269030747,1999-11-26,0.0,498.0,111.0
98,0.33137678294455764,1997-06-29,377.76191752261906,383.5,200.25
99,0.39122897722088745,1997-09-19,339.00000000000006,494.0,143.0
100,0.5766247985158602,1998-05-31,344.71751948244537,552.5,121.75
101,0.06423162312581734,1996-06-28,330.12223684220714,320.0,231.0
102,0.9737234269030747,1999-11-26,14.333333333333334,278.5,220.75
103,0.6634834706973632,1998-09-27,714.092346774419,289.5,297.25
104,0.6634834706973632,1998-09-27,299.5,288.0,241.0
105,0.09634743468872602,1996-08-11,1197.7630423750006,316.0,354.0
106,0.897053009336699,1999-08-13,117.33333333333336,384.5,178.75
107,0.8963231045284511,1999-08-12,190.66666666666669,404.0,172.0
108,0.9737234269030747,1999-11-26,365.15538559047104,277.5,257.25
109,0.9393874882150787,1999-10-10,354.0,149.5,323.25
110,0.7051184574678385,1998-11-23,42.5,289.5,217.25
111,0.09634743468872602,1996-08-11,433.72614236608865,329.0,225.5
112,0.9379276785985827,1999-10-08,36.5,347.0,189.5
113,0.39998783491986256,1997-10-01,218.35652878394507,587.5,93.25
114,0.4540312034305526,1997-12-14,1373.0855174197752,457.0,257.5
115,0.06569143274231319,1996-06-30,319.06556477477636,406.0,179.0
116,0.9393874882150787,1999-10-10,306.8333333333333,162.5,301.75
117,0.6634834706973632,1998-09-27,106.66666666666669,362.0,187.0
118,0.9379276785985827,1999-10-08,901.3624522549978,524.0,178.0
119,0.33137678294455764,1997-06-29,201.26191752261903,380.0,186.0
120,0.5758948937076123,1998-05-30,192.43558855854326,245.0,256.5
121,0.06788114716705697,1996-07-03,150.74248555416122,354.5,195.75
122,0.9729935220948268,1999-11-25,403.9461046619075,301.0,239.5
123,0.4540312034305526,1997-12-14,0.0,459.5,130.25
124,0.9204099632006326,1999-09-14,187.83333333333334,319.0,223.5
125,0.06496152793406526,1996-06-29,407.16666666666674,317.5,228.25
126,0.33137678294455764,1997-06-29,159.6666666666666,380.5,182.75
127,0.8642072929655424,1999-06-29,73.83333333333334,340.0,198.0
128,0.39122897722088745,1997-09-19,0.0,262.0,229.0
129,0.9204099632006326,1999-09-14,1012.0058242119303,326.5,297.75
130,0.0627718135093215,1996-06-26,281.90703238219965,267.5,253.25
131,0.39122897722088745,1997-09-19,464.5193496350774,159.5,321.25
132,0.5751649888993644,1998-05-29,279.8072256074748,361.5,207.25
133,0.7051184574678385,1998-11-23,0.0,133.5,293.25
134,0.09634743468872602,1996-08-11,1553.9672573485464,286.5,324.75
135,0.5758948937076123,1998-05-30,83.66666666666667,480.0,128.0
136,0.06569143274231319,1996-06-30,325.2246597446508,397.5,183.25
137,0.9737234269030747,1999-11-26,722.0,495.5,162.25
138,0.9729935220948268,1999-11-25,864.2956312941664,245.0,320.5
139,0.39998783491986256,1997-10-01,0.0,539.5,90.25
140,0.7051184574678385,1998-11-23,774.9752277282147,359.5,274.25
141,0.09634743468872602,1996-08-11,0.0,287.5,216.25
142,0.06423162312581734,1996-06-28,221.42282113230186,323.5,212.25
143,0.5758948937076123,1998-05-30,0.0,478.5,120.75
144,0.6123901341200085,1998-07-19,385.51478093847834,495.5,142.25
145,0.6634834706973632,1998-09-27,58.166666666666664,393.0,169.5
146,0.0627718135093215,1996-06-26,125.50000000000001,266.5,235.75
147,0.39049907241263954,1997-09-18,133.0,388.0,182.0
148,0.39049907241263954,1997-09-18,216.66666666666669,397.0,187.5
149,0.897053009336699,1999-08-13,19.666666666666664,301.0,210.5
150,0.39049907241263954,1997-09-18,556.6552831317719,241.0,311.5
151,0.7547519844286974,1999-01-30,296.6176915420335,415.5,187.25
152,0.4540312034305526,1997-12-14,35.46473342963825,253.5,235.25
153,0.9393874882150787,1999-10-10,901.5027200473946,504.5,209.75
154,0.3897691676043916,1997-09-17,783.1559202633974,450.0,192.0
155,0.4007177397281105,1997-10-02,134.0,385.5,175.25
156,0.2671451598187403,1997-04-02,338.6666666666667,359.5,221.25
157,0.9737234269030747,1999-11-26,246.8333333333333,387.5,182.25
158,0.9729935220948268,1999-11-25,384.2716446637292,427.0,189.5
159,0.39049907241263954,1997-09-18,800.9886164651052,396.0,260.0
160,0.9393874882150787,1999-10-10,992.6503556284622,346.0,254.0
161,0.9204099632006326,1999-09-14,234.66666666666663,144.0,315.0
162,0.9737234269030747,1999-11-26,0.0,495.0,112.5
163,0.4554910130470484,1997-12-16,219.33333333333334,454.5,160.75
164,0.7051184574678385,1998-11-23,37.500000000000014,491.0,117.5
165,0.39049907241263954,1997-09-18,632.3219497984385,393.5,219.25
166,0.39122897722088745,1997-09-19,101.36147696567657,313.0,209.5
167,0.4014476445363584,1997-10-03,367.99284701600067,368.0,220.0
168,0.7547519844286974,1999-01-30,334.61769154203347,422.0,182.0
169,0.09634743468872602,1996-08-11,471.41185247481127,586.5,118.75
170,0.4540312034305526,1997-12-14,328.3333333333333,437.0,178.5
171,0.4569508226635443,1997-12-18,889.459428292984,573.0,177.5
172,0.09634743468872602,1996-08-11,12.666666666666668,283.0,218.5
173,0.8642072929655424,1999-06-29,433.1666666666667,344.5,244.75
174,0.06496152793406526,1996-06-29,84.83333333333334,321.0,208.5
175,0.06861105197530488,1996-07-04,0.0,127.0,296.5
176,0.0627718135093215,1996-06-26,401.39823184398426,260.0,267.0
177,0.7058483622760865,1998-11-24,152.04717052361946,449.0,149.5
178,0.5766247985158602,1998-05-31,29.33333333333332,553.0,84.5
179,0.8649371977737903,1999-06-30,547.9572545514092,567.5,134.25
180,0.4014476445363584,1997-10-03,440.58848853599477,368.5,224.75
181,0.06569143274231319,1996-06-30,117.66666666666667,404.5,167.75
182,0.4540312034305526,1997-12-14,0.0,253.0,233.5
183,0.4554910130470484,1997-12-16,963.8311905719942,190.0,332.0
184,0.09634743468872602,1996-08-11,733.6666666666667,582.5,138.75
185,0.8649371977737903,1999-06-30,132.0,566.0,89.0
186,0.06569143274231319,1996-06-30,97.29588770327979,462.0,140.0
187,0.06423162312581734,1996-06-28,1348.1171327057714,324.0,304.0
188,0.09634743468872602,1996-08-11,0.0,586.5,66.75
189,0.9729935220948268,1999-11-25,0.0,607.5,56.25
190,0.9393874882150787,1999-10-10,134.66666666666666,344.0,200.0
191,0.9737234269030747,1999-11-26,703.0629053489372,385.5,248.25
192,0.6131200389282564,1998-07-20,0.0,244.5,237.75
193,0.8649371977737903,1999-06-30,211.13341006128462,565.5,101.25
194,0.9379276785985827,1999-10-08,149.5,550.0,103.0
195,0.4569508226635443,1997-12-18,388.33333333333337,574.0,102.0
196,0.5758948937076123,1998-05-30,131.16666666666669,277.5,232.25
197,0.8649371977737903,1999-06-30,287.1666666666667,565.0,110.5
198,0.6634834706973632,1998-09-27,658.4711557251368,363.5,222.25
199,0.06423162312581734,1996-06-28,1509.6633148762623,314.5,346.75
200,0.4007177397281105,1997-10-02,692.5338626138083,394.0,241.0
201,0.39998783491986256,1997-10-01,115.5,530.0,109.0
202,0.9737234269030747,1999-11-26,139.83333333333334,385.5,178.25
203,0.3897691676043916,1997-09-17,136.16666666666669,231.5,255.25
204,0.09634743468872602,1996-08-11,224.10628594255124,227.0,263.5
205,0.5291809859797452,1998-03-27,617.4969376337842,304.5,253.75
206,0.09634743468872602,1996-08-11,840.6796809971846,290.0,321.0
207,0.9204099632006326,1999-09-14,533.5478708577165,326.0,247.0
208,0.4554910130470484,1997-12-16,0.0,188.0,266.0
209,0.7058483622760865,1998-11-24,592.5471705236195,367.5,241.25
210,0.11167543566193243,1996-09-01,62.83333333333334,438.0,145.0
211,0.09634743468872602,1996-08-11,596.3807374225544,420.5,219.75
212,0.5751649888993644,1998-05-29,870.7579028779044,259.5,322.25
213,0.5758948937076123,1998-05-30,610.0,239.0,283.5
214,0.9204099632006326,1999-09-14,259.217098833071,317.5,231.25
215,0.39122897722088745,1997-09-19,0.0,301.5,209.25
216,0.9379276785985827,1999-10-08,151.0398562934532,247.0,250.5
217,0.9729935220948268,1999-11-25,0.0,243.5,238.25
218,0.2934217329156656,1997-05-08,0.0,490.5,114.75
219,0.25400687327027766,1997-03-15,142.53610039627048,413.5,164.25
220,0.4569508226635443,1997-12-18,177.66666666666669,349.0,199.5
221,0.6634834706973632,1998-09-27,397.78117630986065,288.5,258.75
222,0.7051184574678385,1998-11-23,0.0,320.0,200.0
223,0.4007177397281105,1997-10-02,49.5,393.5,166.25
224,0.5758948937076123,1998-05-30,1404.465085945282,471.0,269.5
225,0.9729935220948268,1999-11-25,0.0,424.0,148.0
226,0.8642072929655424,1999-06-29,0.0,336.0,192.0
227,0.9737234269030747,1999-11-26,120.83333333333326,135.5,304.25
228,0.7547519844286974,1999-01-30,487.6176915420334,422.0,181.0
229,0.019974763068166562,2000-02-01,0.0,355.5,182.25
230,0.233898032056273,2000-12-29,131.54206336404494,293.0,229.5
231,0.17910167261792895,2000-10-05,198.5,418.5,169.75
232,0.033506054178860045,2000-02-22,310.5,535.0,128.5
233,0.233898032056273,2000-12-29,245.25149432064546,359.5,204.25
234,0.31377023652911645,2001-05-02,417.1232277899252,409.0,189.5
235,0.31377023652911645,2001-05-02,60.45656112325857,203.0,265.5
236,0.2345423792520203,2000-12-30,343.0,128.0,329.0
237,0.033506054178860045,2000-02-22,0.0,176.0,272.0
238,0.2268102129030526,2000-12-18,0.0,508.0,106.0
239,0.31377023652911645,2001-05-02,0.0,201.5,259.25
240,0.17845732542218165,2000-10-04,226.66666666666666,236.0,269.0
241,0.02641823502563965,2000-02-11,65.83333333333333,357.0,185.5
242,0.10371305071549386,2000-06-10,0.0,464.0,128.0
243,0.033506054178860045,2000-02-22,0.0,179.0,270.5
244,0.233898032056273,2000-12-29,788.3899508961117,303.5,285.25
245,0.033506054178860045,2000-02-22,754.2059516368446,537.0,157.5
246,0.10371305071549386,2000-06-10,912.7502660384152,302.5,304.75
247,0.27771364136709,2001-03-07,385.0826708649393,271.0,272.5
248,0.31377023652911645,2001-05-02,62.5,203.5,265.25
249,0.009020860740462319,2000-01-15,503.9443511761652,449.0,197.5
250,0.233898032056273,2000-12-29,241.33333333333331,296.5,232.75
251,0.233898032056273,2000-12-29,240.21562759628657,297.5,230.25
252,0.233898032056273,2000-12-29,83.83333333333334,303.0,216.5
253,0.033506054178860045,2000-02-22,184.0,175.5,295.25
254,0.233898032056273,2000-12-29,448.3333333333333,481.0,153.5
255,0.033506054178860045,2000-02-22,54.833333333333336,343.0,191.5
256,0.033506054178860045,2000-02-22,204.66666666666669,342.0,210.0
257,0.31377023652911645,2001-05-02,437.6232277899252,388.0,200.0
258,0.033506054178860045,2000-02-22,142.5,175.5,289.25
259,0.24807367036271377,2001-01-20,57.83333333333328,235.0,248.5
260,0.10371305071549386,2000-06-10,698.7624371786098,281.5,279.25
261,0.31377023652911645,2001-05-02,175.62322778992524,385.0,183.5
262,0.233898032056273,2000-12-29,409.66763011763436,125.0,326.5
263,0.10371305071549386,2000-06-10,246.5,302.0,238.0
264,0.233898032056273,2000-12-29,0.0,352.5,183.75
265,0.10371305071549386,2000-06-10,586.6917250817004,282.0,281.0
266,0.10371305071549386,2000-06-10,210.83333333333334,304.0,225.0
267,0.033506054178860045,2000-02-22,0.0,533.0,93.5
268,0.31377023652911645,2001-05-02,65.16666666666666,387.5,172.25
269,0.033506054178860045,2000-02-22,127.33333333333334,342.5,202.75
270,0.233898032056273,2000-12-29,298.96401252589817,359.5,219.25
271,0.10371305071549386,2000-06-10,234.49999999999997,307.0,235.5
272,0.033506054178860045,2000-02-22,115.66666666666666,176.0,286.0
273,0.17910167261792895,2000-10-05,370.6666666666667,419.0,182.5
274,0.10371305071549386,2000-06-10,51.11416569910317,559.0,85.5
275,0.17845732542218165,2000-10-04,7.500000000000018,235.0,242.5
276,0.2345423792520203,2000-12-30,487.16666666666663,300.5,241.75
277,0.2345423792520203,2000-12-30,204.16666666666666,496.5,137.75
278,0.17845732542218165,2000-10-04,348.07100010632263,401.5,200.25
279,0.033506054178860045,2000-02-22,0.0,342.5,188.75
280,0.31377023652911645,2001-05-02,136.0,387.5,180.25
281,0.033506054178860045,2000-02-22,278.33333333333337,537.0,117.5
282,0.033506054178860045,2000-02-22,48.92296840451718,341.0,194.5
283,0.17910167261792895,2000-10-05,34.51502044966131,237.5,243.25
284,0.033506054178860045,2000-02-22,636.9999999999999,534.5,147.75
285,0.4396551724137931,2006-06-26,407.8333333333334,431.0,173.5
286,0.4375,2006-06-22,246.16666666666666,445.0,165.5
287,0.6217672413793104,2007-05-30,750.4999999999999,386.0,236.0
288,0.6217672413793104,2007-05-30,598.454222101916,388.0,228.0
289,0.6061422413793104,2007-05-01,233.32715887205438,232.5,262.75
290,0.7688802083333334,2008-02-27,390.40316809356597,150.5,312.75
291,0.4703663793103448,2006-08-22,473.21302435681105,365.0,217.5
292,0.7990301724137931,2008-04-23,227.33333333333334,127.5,312.25
293,0.4396551724137931,2006-06-26,249.82081979262895,270.0,248.0
294,0.6217672413793104,2007-05-30,29.333333333333332,402.0,161.0
295,0.640625,2007-07-04,681.3671722021744,545.0,140.5
296,0.6627155172413793,2007-08-14,5.833333333333333,379.0,170.5
297,0.6352370689655172,2007-06-24,519.0635014577235,256.5,268.75
298,0.5706043462643678,2007-02-24,851.4595452500755,428.5,239.75
299,0.4057112068965517,2006-04-24,28.79894609344329,130.5,296.75
300,0.7688802083333334,2008-02-27,237.5,152.5,312.75
301,0.662176724137931,2007-08-13,60.33333333333333,355.5,186.25
302,0.7688802083333334,2008-02-27,280.56983476023265,380.5,194.75
303,0.5818965517241379,2007-03-17,966.1090015673024,404.5,262.75
304,0.6352370689655172,2007-06-24,0.0,286.0,217.0
305,0.6551724137931034,2007-07-31,210.49999999999994,485.0,144.5
306,0.5818965517241379,2007-03-17,636.7870813208109,388.5,227.75
307,0.4014008620689655,2006-04-16,197.8126762161163,420.0,169.0
308,0.5818965517241379,2007-03-17,663.620653206312,387.0,214.5
309,0.6217672413793104,2007-05-30,267.16566801367884,400.5,176.75
310,0.4014008620689655,2006-04-16,184.66666666666666,396.0,184.0
311,0.4396551724137931,2006-06-26,688.5571359802972,421.0,201.5
312,0.6082974137931034,2007-05-05,302.6666666666667,398.0,191.0
313,0.44719827586206895,2006-07-10,903.4314833913818,458.5,195.75
314,0.7688802083333334,2008-02-27,200.90316809356602,386.0,189.0
315,0.7990301724137931,2008-04-23,448.8333333333334,558.0,118.0
316,0.7990301724137931,2008-04-23,24.610588774508845,127.5,298.25
317,0.7683414152298851,2008-02-26,0.0,381.5,169.25
318,0.7688802083333334,2008-02-27,45.0,373.0,178.5
319,0.4396551724137931,2006-06-26,150.49999999999994,426.5,160.75
320,0.6303879310344828,2007-06-15,314.8333333333333,518.5,121.75
321,0.6352370689655172,2007-06-24,26.166666666666664,233.5,244.25
322,0.5743758979885057,2007-03-03,450.7237933781834,313.0,233.5
323,0.6492456896551724,2007-07-20,237.16666666666666,298.5,240.75
324,0.6352370689655172,2007-06-24,70.66666666666667,234.5,246.75
325,0.6352370689655172,2007-06-24,373.36177598054263,258.5,256.75
326,0.6066810344827587,2007-05-02,637.690344063022,358.5,252.75
327,0.6217672413793104,2007-05-30,468.2244321391037,389.0,203.5
328,0.6212284482758621,2007-05-29,603.9601118626051,310.0,266.0
329,0.40625,2006-04-25,484.3619336727332,465.0,180.5
330,0.4396551724137931,2006-06-26,257.8333333333333,236.5,262.75
331,0.5818965517241379,2007-03-17,90.94738511131904,390.5,172.75
332,0.6298491379310345,2007-06-14,80.5,538.0,97.0
333,0.6616379310344828,2007-08-12,72.33333333333334,375.0,177.5
334,0.6756465517241379,2007-09-07,237.66666666666666,545.0,109.5
335,0.6212284482758621,2007-05-29,332.0004938761608,324.0,233.0
336,0.662176724137931,2007-08-13,97.83333333333334,356.0,190.0
337,0.421875,2006-05-24,442.6316255555138,394.5,196.75
338,0.40086206896551724,2006-04-15,0.0,147.5,286.25
339,0.4057112068965517,2006-04-24,239.52915887079516,126.5,314.75
340,0.40625,2006-04-25,182.83333333333337,122.5,313.75
341,0.4396551724137931,2006-06-26,118.16666666666666,279.5,231.25
342,0.5818965517241379,2007-03-17,242.43953964382877,384.0,195.0
343,0.4375,2006-06-22,680.3333333333334,491.0,201.5
344,0.5706043462643678,2007-02-24,203.33333333333331,436.0,168.0
345,0.4703663793103448,2006-08-22,236.40479707863273,121.0,315.5
346,0.6066810344827587,2007-05-02,27.66666666666668,400.5,161.75
347,0.4014008620689655,2006-04-16,242.16666666666669,378.0,192.0
348,0.7990301724137931,2008-04-23,646.6105887745089,253.5,277.25
349,0.5824353448275862,2007-03-18,390.66356521876554,155.5,328.25
350,0.6352370689655172,2007-06-24,129.0,593.5,74.25
351,0.7688802083333334,2008-02-27,126.73650142689934,362.0,187.0
352,0.4057112068965517,2006-04-24,564.7868883799639,468.5,175.75
353,0.6082974137931034,2007-05-05,219.83333333333331,435.0,157.5
354,0.4014008620689655,2006-04-16,163.33333333333334,425.0,165.5
355,0.7688802083333334,2008-02-27,354.403168093566,404.5,185.75
356,0.6061422413793104,2007-05-01,500.22064261283595,579.0,113.5
357,0.7688802083333334,2008-02-27,22.069834760232666,303.0,209.5
358,0.4375,2006-06-22,115.48849050512335,465.5,137.25
359,0.6217672413793104,2007-05-30,600.0091580614036,401.0,220.5
360,0.7995689655172413,2008-04-24,540.6679355124471,357.0,236.5
361,0.5743758979885057,2007-03-03,569.4663467812428,262.5,279.75
362,0.6082974137931034,2007-05-05,282.0,418.0,169.0
363,0.5824353448275862,2007-03-18,542.9650289029382,246.5,284.75
364,0.6082974137931034,2007-05-05,689.0,436.5,192.75
365,0.6756465517241379,2007-09-07,99.66666666666666,552.0,94.0
366,0.6756465517241379,2007-09-07,77.0,525.0,104.5
367,0.7688802083333334,2008-02-27,420.903168093566,401.0,199.5
368,0.7688802083333334,2008-02-27,0.0,381.5,169.25
369,0.44719827586206895,2006-07-10,637.6970729182179,466.0,182.0
370,0.6082974137931034,2007-05-05,138.23378515025314,412.0,164.0
371,0.662176724137931,2007-08-13,207.6666666666667,337.5,213.25
372,0.6212284482758621,2007-05-29,480.94202452201966,313.5,255.25
373,0.5743758979885057,2007-03-03,13.665297910266894,264.0,228.0
374,0.4703663793103448,2006-08-22,814.0676621842437,129.5,360.0
375,0.5824353448275862,2007-03-18,0.0,144.5,287.75
376,0.4396551724137931,2006-06-26,75.77145863561223,268.0,232.0
377,0.5711431393678161,2007-02-25,127.66666666666666,291.5,227.25
378,0.4014008620689655,2006-04-16,33.33333333333333,396.0,164.0
379,0.6756465517241379,2007-09-07,0.0,528.5,95.75
380,0.6212284482758621,2007-05-29,988.2123737798054,329.0,270.5
381,0.6352370689655172,2007-06-24,45.666666666666664,249.0,238.5
382,0.6352370689655172,2007-06-24,640.5000000000001,506.5,159.75
383,0.6352370689655172,2007-06-24,122.16666666666667,497.0,121.5
384,0.6082974137931034,2007-05-05,170.46482582338788,417.5,172.25
385,0.44719827586206895,2006-07-10,629.187223985399,457.0,207.5
386,0.6341594827586207,2007-06-22,466.14661454215775,570.0,135.0
387,0.7688802083333334,2008-02-27,216.56983476023268,142.5,303.75
388,0.7990301724137931,2008-04-23,348.0070803024229,248.5,277.75
389,0.6352370689655172,2007-06-24,0.0,501.5,109.25
390,0.4364224137931034,2006-06-20,377.6666666666667,288.5,242.75
391,0.640625,2007-07-04,161.99999999999994,557.0,91.5
392,0.5743758979885057,2007-03-03,452.93546126864646,303.5,241.25
393,0.5711431393678161,2007-02-25,0.0,287.0,216.5
394,0.40481462098949317,2010-06-24,226.1202896803303,477.0,144.5
395,0.09274988929592207,2009-08-05,892.8791653923435,175.5,344.25
396,0.5014290890060786,2010-10-02,127.33333333333331,132.0,307.0
397,0.8231552675013083,2011-08-31,7.871549964335367,310.0,205.0
398,0.40578076566965904,2010-06-25,94.33333333333331,529.5,105.25
399,0.5342780081317178,2010-11-05,726.6987800737348,302.0,298.0
400,0.40578076566965904,2010-06-25,127.66666666666677,581.0,78.5
401,0.5449458556418824,2010-11-16,1481.3740424796922,509.5,211.25
402,0.11400507225957088,2009-08-27,681.2224639256565,422.0,206.0
403,0.5014290890060786,2010-10-02,36.16666666666666,128.0,298.0
404,0.5449458556418824,2010-11-16,545.4478170142111,478.0,159.0
405,0.40578076566965904,2010-06-25,759.548594464029,225.0,344.5
406,0.5642687492451994,2010-12-06,142.33333333333331,558.0,92.0
407,0.4734108932812689,2010-09-03,445.10152889926377,458.0,168.0
408,0.5014290890060786,2010-10-02,872.4531900134498,463.5,188.25
409,0.10144519141741476,2009-08-14,489.50000000000006,376.0,219.0
410,0.0772915744132684,2009-07-20,476.83333333333337,192.5,309.75
411,0.967151080874361,2012-01-27,437.9278321966799,338.0,241.0
412,0.10241133609758062,2009-08-15,379.15917633333265,486.0,151.0
413,0.5043275230465762,2010-10-05,1054.206539932226,517.0,215.5
414,0.10530977013807817,2009-08-18,919.6112803198348,380.5,263.75
415,0.2357795579888088,2009-12-31,202.52766563709562,263.0,254.5
416,0.5633026045650336,2010-12-05,1277.9759557534892,272.5,360.0
417,0.11014049353890745,2009-08-23,106.68745831361804,277.0,233.5
418,0.1004790467372489,2009-08-13,25.166666666666664,153.0,284.5
419,0.5342780081317178,2010-11-05,716.7315183961292,278.5,289.75
420,0.10530977013807817,2009-08-18,122.33333333333334,582.0,79.0
421,0.5642687492451994,2010-12-06,398.1020065152392,536.0,133.0
422,0.2357795579888088,2009-12-31,572.231415956656,264.0,283.0
423,0.07825771909343424,2009-07-21,125.50000000000001,210.0,267.0
424,0.10530977013807817,2009-08-18,250.99837528060246,388.5,192.75
425,0.11207278289923917,2009-08-25,0.0,418.5,150.75
426,0.5642687492451994,2010-12-06,240.50000000000003,560.0,97.0
427,0.40578076566965904,2010-06-25,0.0,246.0,237.0
428,0.3787287146250151,2010-05-28,0.0,315.0,202.5
429,0.11207278289923917,2009-08-25,446.16666666666663,371.0,228.5
430,0.9690833702346926,2012-01-29,310.16666666666663,381.5,200.25
431,0.4734108932812689,2010-09-03,1252.9251941982377,373.0,282.5
432,0.2000322048226722,2009-11-24,0.0,558.0,81.0
433,0.5633026045650336,2010-12-05,0.0,307.0,206.5
434,0.09274988929592207,2009-08-05,66.5,128.0,301.0
435,0.0772915744132684,2009-07-20,249.1666666666667,345.0,210.5
436,0.0772915744132684,2009-07-20,73.56828677907012,248.0,244.0
437,0.9690833702346926,2012-01-29,217.83333333333331,383.0,184.5
438,0.5401151322410531,2010-11-11,620.8532648895839,488.0,177.0
439,0.0772915744132684,2009-07-20,163.44560294286313,220.0,263.0
440,0.5633026045650336,2010-12-05,20.166666666666664,312.5,204.75
441,0.40578076566965904,2010-06-25,186.83333333333331,515.0,121.5
442,0.0772915744132684,2009-07-20,77.66666666666666,327.0,205.5
443,0.5449458556418824,2010-11-16,501.6536819503975,477.5,176.25
444,0.0898514552554245,2009-08-02,464.5362246551848,410.0,204.0
445,0.40481462098949317,2010-06-24,52.666666666666664,435.5,147.25
446,0.0772915744132684,2009-07-20,483.5,187.0,303.5
447,0.5014290890060786,2010-10-02,236.83333333333337,132.5,318.75
448,0.4734108932812689,2010-09-03,409.6749784518805,278.0,256.0
449,0.49949679964574695,2010-09-30,715.1666666666667,315.5,262.25
450,0.4734108932812689,2010-09-03,982.4751816780363,258.0,358.0
451,0.5642687492451994,2010-12-06,1069.6503223335449,253.5,320.25
452,0.40481462098949317,2010-06-24,0.0,436.5,141.75
453,0.11207278289923917,2009-08-25,333.0,284.5,242.75
454,0.49949679964574695,2010-09-30,130.33333333333334,322.0,210.0
455,0.09274988929592207,2009-08-05,14.568186353307988,492.5,113.75
456,0.11207278289923917,2009-08-25,299.89314768056295,135.0,331.5
457,0.119801940340566,2009-09-02,313.6059614929792,183.0,289.5
458,0.10530977013807817,2009-08-18,320.93552698920627,454.5,160.75
459,0.10144519141741476,2009-08-14,532.6666666666666,189.0,305.5
460,0.09178374461575621,2009-08-04,585.3667728498797,312.0,249.0
461,0.2000322048226722,2009-11-24,560.4094513357134,552.5,131.75
462,0.0772915744132684,2009-07-20,69.26604796968358,320.5,203.75
463,0.8241214121814742,2011-09-01,0.0,136.0,292.0
464,0.5014290890060786,2010-10-02,0.0,467.0,126.5
465,0.4734108932812689,2010-09-03,405.5,287.0,243.5
466,0.026085906364478082,2009-05-28,1018.9212112639913,412.5,268.75
467,0.5014290890060786,2010-10-02,283.1666666666667,315.5,226.25
468,0.0772915744132684,2009-07-20,168.09998129174662,345.5,208.25
469,0.3652026891026931,2010-05-14,251.70485621784465,194.5,290.75
470,0.11690350630006843,2009-08-30,282.1666666666667,460.0,166.0
471,0.11303892757940502,2009-08-26,20.166666666666664,481.0,120.5
472,0.1980999154623405,2009-11-22,124.33333333333334,188.0,280.0
473,0.19906606014250633,2009-11-23,209.83333333333331,433.0,163.5
474,0.4734108932812689,2010-09-03,448.9596308352552,420.0,191.0
475,0.10337748077774647,2009-08-16,482.99233461354794,375.5,224.25
476,0.5014290890060786,2010-10-02,290.5909818659748,470.5,154.75
477,0.967151080874361,2012-01-27,155.33333333333331,511.0,117.5
478,0.0772915744132684,2009-07-20,364.08867001232375,157.5,312.25
479,0.4734108932812689,2010-09-03,794.9751816780363,367.5,266.25
480,0.41157763375065415,2010-07-01,64.0113487877821,263.0,232.5
481,0.0772915744132684,2009-07-20,238.6380306285889,550.5,103.75
482,0.0772915744132684,2009-07-20,45.83333333333333,217.0,256.5
483,0.3652026891026931,2010-05-14,418.0,185.0,310.5
484,0.09371603397608792,2009-08-06,0.0,469.0,125.5
485,0.11303892757940502,2009-08-26,90.2836812455196,476.0,128.0
486,0.14685399138520994,2009-09-30,764.959796957186,177.0,327.5
487,0.11207278289923917,2009-08-25,438.1114090147526,372.0,211.0
488,0.5633026045650336,2010-12-05,883.4759557534893,363.0,281.5
489,0.4734108932812689,2010-09-03,548.4456482074904,373.0,232.5
490,0.967151080874361,2012-01-27,736.1115955737454,243.5,319.25
491,0.0772915744132684,2009-07-20,421.12733277568725,229.0,288.5
492,0.4106114890704883,2010-06-30,570.3333333333333,556.0,148.0
493,0.10144519141741476,2009-08-14,552.8800260835825,378.5,222.75
494,0.5401151322410531,2010-11-11,1539.6122840024796,472.0,321.0
495,0.0772915744132684,2009-07-20,139.33333333333334,350.5,196.75
496,0.5642687492451994,2010-12-06,0.0,241.5,239.25
497,0.0772915744132684,2009-07-20,800.4061799140455,213.5,358.25
498,0.0898514552554245,2009-08-02,105.83333333333333,428.0,154.0
499,0.0772915744132684,2009-07-20,348.4276594574757,188.0,305.0
500,0.5014290890060786,2010-10-02,573.4611290452358,146.0,344.0
501,0.5014290890060786,2010-10-02,208.3731584496295,132.5,307.75
502,0.10530977013807817,2009-08-18,602.8036892715941,376.0,226.0
503,0.5642687492451994,2010-12-06,548.9952251466652,245.5,274.25
504,0.0772915744132684,2009-07-20,0.0,345.5,187.25
505,0.0772915744132684,2009-07-20,525.8506677152162,155.0,326.5
506,0.5642687492451994,2010-12-06,0.0,532.5,93.75
507,0.3652026891026931,2010-05-14,0.0,191.0,264.5
508,0.11207278289923917,2009-08-25,176.93366187408557,380.0,192.0
509,0.11014049353890745,2009-08-23,0.0,350.0,185.0
510,0.11207278289923917,2009-08-25,697.4275304117805,379.5,243.25
511,0.4734108932812689,2010-09-03,552.0,288.0,273.0
512,0.5342780081317178,2010-11-05,248.16666666666669,203.0,288.5
513,0.19423533674167706,2009-11-18,449.0,445.5,186.25
514,0.11497121693973672,2009-08-28,0.0,334.0,193.0
515,0.2357795579888088,2009-12-31,531.9472751299334,263.5,283.25
516,0.0898514552554245,2009-08-02,199.0,414.5,174.75
517,0.4106114890704883,2010-06-30,472.9438823638498,587.5,102.25
518,0.07825771909343424,2009-07-21,19.66666666666668,218.5,251.75
519,0.0772915744132684,2009-07-20,62.20402327765089,249.5,241.25
520,0.5342780081317178,2010-11-05,623.4250867785036,286.0,276.0
521,0.0772915744132684,2009-07-20,59.1783771012768,238.0,247.0
522,0.5014290890060786,2010-10-02,203.16666666666669,312.5,226.75
523,0.11014049353890745,2009-08-23,70.0,406.5,160.75
524,0.12946338714222455,2009-09-12,403.3333333333333,444.5,186.75
525,0.10241133609758062,2009-08-15,259.0,477.5,139.25
526,0.967151080874361,2012-01-27,0.0,254.5,232.75
527,0.0772915744132684,2009-07-20,344.7331489044758,157.0,318.5
528,0.1004790467372489,2009-08-13,690.9194107406545,149.0,350.5
529,0.11014049353890745,2009-08-23,823.5158978763449,370.0,264.0
530,0.09274988929592207,2009-08-05,83.5,124.0,307.0
531,0.0772915744132684,2009-07-20,613.1817346574514,317.5,264.25
532,0.0772915744132684,2009-07-20,568.8051976424392,185.5,324.25
533,0.10530977013807817,2009-08-18,527.7268787865805,380.5,214.75
534,0.8231552675013083,2011-08-31,89.16666666666667,318.5,207.75
535,0.4734108932812689,2010-09-03,808.484993229972,287.0,313.5
536,0.119801940340566,2009-09-02,1138.0798874358763,227.5,360.0
537,0.07825771909343424,2009-07-21,501.9825306425642,207.0,322.5
538,0.9681172255545268,2012-01-28,147.66666666666666,338.0,209.0
539,0.11014049353890745,2009-08-23,423.66666666666663,344.5,218.75
540,0.0772915744132684,2009-07-20,454.9199269069272,155.0,334.5
541,0.08308844249426352,2009-07-26,455.9584080948187,211.0,299.5
542,0.12463266374139527,2009-09-07,1291.157435231898,131.5,360.0
543,0.5642687492451994,2010-12-06,73.83333333333333,498.5,116.75
544,0.0772915744132684,2009-07-20,12.5,349.0,185.5
545,0.10530977013807817,2009-08-18,0.0,251.5,234.25
546,0.5342780081317178,2010-11-05,0.0,304.5,207.75
547,0.5014290890060786,2010-10-02,1014.1198566801165,339.5,259.25
548,0.49949679964574695,2010-09-30,326.16666666666663,322.0,222.0
549,0.5642687492451994,2010-12-06,113.16666666666666,248.0,249.0
550,0.0772915744132684,2009-07-20,416.6342867606712,189.5,317.25
551,0.09274988929592207,2009-08-05,699.1198947147124,469.5,182.25
552,0.5014290890060786,2010-10-02,40.83333333333331,324.0,202.0
553,0.11497121693973672,2009-08-28,409.66666666666674,328.5,227.75
554,0.5014290890060786,2010-10-02,9.166666666666668,311.5,204.25
555,0.11400507225957088,2009-08-27,0.0,424.5,147.75
556,0.07825771909343424,2009-07-21,0.0,191.0,264.5
557,0.5014290890060786,2010-10-02,89.5,336.0,202.0
558,0.0772915744132684,2009-07-20,156.18750045626527,237.5,255.25
559,0.0772915744132684,2009-07-20,169.66666666666669,155.5,293.25
560,0.0772915744132684,2009-07-20,174.6666666666667,246.0,259.0
561,0.49949679964574695,2010-09-30,0.0,317.0,201.5
562,0.0772915744132684,2009-07-20,642.6666666666667,327.0,262.5
563,0.5342780081317178,2010-11-05,132.9453701226627,285.0,230.5
564,0.5642687492451994,2010-12-06,178.38950818622843,229.0,258.5
565,0.10530977013807817,2009-08-18,297.66666666666663,391.5,192.25
566,0.5014290890060786,2010-10-02,630.7865233467832,325.5,280.25
567,0.0772915744132684,2009-07-20,297.2090549273159,160.0,312.0
568,0.5014290890060786,2010-10-02,0.0,132.0,294.0
569,0.5014290890060786,2010-10-02,113.15693298324412,327.5,204.25
570,0.5420474216013849,2010-11-13,74.66666666666667,390.0,173.0
571,0.5642687492451994,2010-12-06,0.0,509.5,105.25
572,0.5014290890060786,2010-10-02,313.66666666666674,315.0,235.5
573,0.7477959824483716,2011-06-14,409.0066911818408,539.5,135.25
574,0.11207278289923917,2009-08-25,279.98350192360124,128.0,325.0
575,0.09178374461575621,2009-08-04,0.0,390.0,165.0
576,0.0811561531339318,2009-07-24,640.5976067069233,227.5,307.25
577,0.07825771909343424,2009-07-21,692.3711498324417,211.0,316.5
578,0.5043275230465762,2010-10-05,165.33333333333331,507.5,118.25
579,0.09371603397608792,2009-08-06,1182.8343697869582,367.5,274.25
580,0.5642687492451994,2010-12-06,328.18232080531294,369.5,216.25
581,0.11303892757940502,2009-08-26,419.3333333333333,472.0,163.0
582,0.0772915744132684,2009-07-20,27.215364148199573,346.0,189.0
583,0.4106114890704883,2010-06-30,607.3990346115411,521.0,139.5
584,0.09274988929592207,2009-08-05,0.0,473.0,123.5
585,0.16521074030836116,2009-10-19,389.0261452337241,209.5,283.25
586,0.4106114890704883,2010-06-30,345.6108587975906,548.5,128.75
587,0.4734108932812689,2010-09-03,223.33640691247086,287.0,242.5
588,0.11014049353890745,2009-08-23,455.177200057511,277.5,274.25
589,0.09274988929592207,2009-08-05,538.1734322579672,466.5,183.75
590,0.5642687492451994,2010-12-06,96.83333333333334,245.0,246.5
591,0.5014290890060786,2010-10-02,838.1612019767612,460.0,201.0
592,0.0772915744132684,2009-07-20,220.00000000000003,320.0,226.0
593,0.41157763375065415,2010-07-01,113.59032209726485,273.5,237.25
594,0.11690350630006843,2009-08-30,397.33333333333337,461.5,174.25
595,0.11014049353890745,2009-08-23,0.0,408.5,155.75
596,0.0772915744132684,2009-07-20,0.0,192.5,263.75
597,0.5642687492451994,2010-12-06,185.5,232.0,266.0
598,0.2106597963044966,2009-12-05,581.2101661797423,315.0,263.5
599,0.11497121693973672,2009-08-28,795.8333333333334,335.0,261.5
600,0.18457388994001853,2009-11-08,211.0,490.0,131.0
601,0.0772915744132684,2009-07-20,587.8129711568665,327.5,264.25
602,0.11400507225957088,2009-08-27,886.2485764410055,404.5,267.75
603,0.0772915744132684,2009-07-20,0.0,189.5,265.25
604,0.1807093112193551,2009-11-04,141.66666666666669,241.5,253.25
605,0.967151080874361,2012-01-27,673.5370283106851,512.5,184.75
606,0.0772915744132684,2009-07-20,341.1666666666667,366.5,206.75
607,0.0772915744132684,2009-07-20,417.33333333333337,349.0,226.5
608,0.8231552675013083,2011-08-31,215.6473306308945,323.0,212.5
609,0.40578076566965904,2010-06-25,458.0035177335212,580.5,106.75
610,0.4106114890704883,2010-06-30,21.666666666666668,594.5,63.75
611,0.5642687492451994,2010-12-06,62.66666666666667,514.5,106.75
612,0.5014290890060786,2010-10-02,218.15360384470415,472.0,140.0
613,0.10530977013807817,2009-08-18,312.2009856315724,578.0,106.0
614,0.4734108932812689,2010-09-03,292.5973620302432,257.0,254.5
615,0.5043275230465762,2010-10-05,36.16666666666667,505.5,109.25
616,0.0772915744132684,2009-07-20,68.56753576112756,157.0,287.5
617,0.40578076566965904,2010-06-25,448.8333333333333,586.5,115.75
618,0.10530977013807817,2009-08-18,1212.7157373821226,373.5,257.25
619,0.8241214121814742,2011-09-01,474.5097478143173,130.0,338.0
620,0.09178374461575621,2009-08-04,0.0,321.5,199.25
621,0.4734108932812689,2010-09-03,217.99999999999997,422.0,164.0
622,0.5401151322410531,2010-11-11,125.83333333333333,472.0,133.0
623,0.40481462098949317,2010-06-24,106.66666666666667,442.0,146.0
624,0.12463266374139527,2009-09-07,48.66666666666667,127.0,301.5
625,0.0772915744132684,2009-07-20,704.8286093861543,161.5,335.25
626,0.09178374461575621,2009-08-04,565.3148227103297,391.5,220.25
627,0.5043275230465762,2010-10-05,431.94096000512207,498.5,150.75
628,0.4106114890704883,2010-06-30,437.49573703877775,521.0,147.5
629,0.4734108932812689,2010-09-03,115.66666666666666,423.5,155.25
630,0.10530977013807817,2009-08-18,137.0,250.5,243.75
631,0.0772915744132684,2009-07-20,620.0112780950875,220.0,312.0
632,0.41157763375065415,2010-07-01,0.0,231.0,244.5
633,0.5014290890060786,2010-10-02,973.0841320064192,311.5,327.25
634,0.4734108932812689,2010-09-03,688.634490881142,376.5,257.75
635,0.40481462098949317,2010-06-24,464.01406072239536,459.0,180.5
636,0.14009097862404896,2009-09-23,0.0,142.0,289.0
637,0.11400507225957088,2009-08-27,121.83333333333334,265.0,240.5
638,0.40481462098949317,2010-06-24,806.4393744151788,452.5,197.75
639,0.49949679964574695,2010-09-30,345.8126587665734,316.5,234.75
640,0.09274988929592207,2009-08-05,269.6655558672517,487.5,139.25
641,0.5642687492451994,2010-12-06,0.0,527.5,96.25
642,0.026085906364478082,2009-05-28,61.16666666666667,435.5,147.25
643,0.8241214121814742,2011-09-01,493.97752303339956,149.0,343.5
644,0.5642687492451994,2010-12-06,338.40676533676515,529.5,137.25
645,0.08888531057525864,2009-08-01,569.0401718929928,442.0,206.0
646,0.4106114890704883,2010-06-30,498.66666666666663,594.0,115.0
647,0.07825771909343424,2009-07-21,337.5,221.5,288.25
648,0.5043275230465762,2010-10-05,112.00000000000001,497.5,122.25
649,0.5014290890060786,2010-10-02,549.0865669146567,313.0,265.5
650,0.8212229781409766,2011-08-29,390.69593562402576,374.0,214.0
651,0.0772915744132684,2009-07-20,849.6002299680567,320.0,275.0
652,0.49949679964574695,2010-09-30,0.0,433.0,143.5
653,0.0772915744132684,2009-07-20,0.6666666666666667,345.0,187.5
654,0.0898514552554245,2009-08-02,123.33333333333334,442.0,148.0
655,0.40481462098949317,2010-06-24,355.9888124500559,444.0,178.0
656,0.0772915744132684,2009-07-20,278.5,220.0,285.0
657,0.10530977013807817,2009-08-18,0.0,579.0,70.5
658,0.40481462098949317,2010-06-24,367.0262098610757,465.0,171.5
659,0.4106114890704883,2010-06-30,329.5642880548408,528.0,119.0
660,0.9690833702346926,2012-01-29,198.00000000000006,382.5,183.75
661,0.11400507225957088,2009-08-27,446.59909211457824,269.5,255.25
662,0.5342780081317178,2010-11-05,322.4131039184785,303.0,236.5
663,0.10530977013807817,2009-08-18,56.83333333333335,385.5,171.25
664,0.8212229781409766,2011-08-29,205.79934714988698,358.0,198.0
665,0.40481462098949317,2010-06-24,914.0313200022528,438.5,203.75
666,0.0772915744132684,2009-07-20,0.0,201.5,259.25
667,0.11014049353890745,2009-08-23,1030.580668628498,366.5,295.75
668,0.8231552675013083,2011-08-31,606.8630860810091,323.0,256.5
669,0.4734108932812689,2010-09-03,239.33333333333334,293.5,231.25
670,0.10627591481824403,2009-08-19,578.5112095571516,371.0,221.5
671,0.4734108932812689,2010-09-03,184.94832455445047,475.0,144.5
672,0.18457388994001853,2009-11-08,476.36822275494416,316.0,257.0
673,0.40578076566965904,2010-06-25,882.7771387630953,579.5,166.25
674,0.11014049353890745,2009-08-23,321.0000000000001,406.5,187.75
675,0.41157763375065415,2010-07-01,13.0,119.5,300.25
676,0.0772915744132684,2009-07-20,619.5829210770636,344.5,229.75
677,0.41157763375065415,2010-07-01,157.66666666666666,225.0,261.5
678,0.8231552675013083,2011-08-31,107.66666666666667,304.0,221.0
679,0.5043275230465762,2010-10-05,378.0017279038681,519.0,131.5
680,0.10530977013807817,2009-08-18,945.4534767849921,574.0,178.0
681,0.11014049353890745,2009-08-23,213.83333333333337,409.0,182.5
682,0.5401151322410531,2010-11-11,425.96158050219,468.5,177.75
683,0.5633026045650336,2010-12-05,186.33333333333331,303.0,225.5
684,0.49949679964574695,2010-09-30,667.7314992436643,441.5,208.25
685,0.0772915744132684,2009-07-20,159.5,157.5,292.25
686,0.49949679964574695,2010-09-30,238.48430052587855,317.0,228.5
687,0.5342780081317178,2010-11-05,775.7672927065794,288.5,287.75
688,0.09371603397608792,2009-08-06,151.83333333333334,478.5,137.75
689,0.11207278289923917,2009-08-25,672.5793672352842,132.5,360.0
690,0.5014290890060786,2010-10-02,160.21704178810685,132.5,312.75
691,0.12463266374139527,2009-09-07,85.22945406555982,141.5,294.25
692,0.4106114890704883,2010-06-30,0.0,537.5,91.25
693,0.09274988929592207,2009-08-05,37.666666666666664,124.5,301.75
694,0.10530977013807817,2009-08-18,286.5,249.0,258.5
695,0.0772915744132684,2009-07-20,457.5311327505084,322.5,256.75
696,0.09274988929592207,2009-08-05,604.0,131.0,360.0
697,0.8212229781409766,2011-08-29,460.63268048322027,363.0,219.5
698,0.5420474216013849,2010-11-13,0.0,365.5,177.25
699,0.0772915744132684,2009-07-20,89.33333333333333,187.0,275.5
700,0.0772915744132684,2009-07-20,0.0,300.5,209.75
701,0.4734108932812689,2010-09-03,493.99999999999994,512.0,160.0
702,0.08308844249426352,2009-07-26,0.5,210.0,255.0
703,0.0772915744132684,2009-07-20,152.5,163.5,290.25
704,0.10530977013807817,2009-08-18,194.16666666666666,458.5,150.75
705,0.5014290890060786,2010-10-02,0.0,154.0,283.0
706,0.11014049353890745,2009-08-23,647.0595421500964,340.0,273.0
707,0.40578076566965904,2010-06-25,567.2617725138891,581.5,142.25
708,0.0772915744132684,2009-07-20,153.33333333333334,189.5,277.25
709,0.0772915744132684,2009-07-20,1067.400647143372,222.0,340.0
710,0.5043275230465762,2010-10-05,257.693917940469,518.0,121.0
711,0.0772915744132684,2009-07-20,71.33333333333334,258.5,234.75
712,0.5555734471237068,2010-11-27,142.24067067413517,403.0,174.5
713,0.11303892757940502,2009-08-26,20.16666666666669,413.5,154.25
714,0.10530977013807817,2009-08-18,0.0,376.0,172.0
715,0.4734108932812689,2010-09-03,1127.1418483447032,417.5,297.25
716,0.41157763375065415,2010-07-01,307.1870055167016,231.0,274.5
717,0.10530977013807817,2009-08-18,682.3333333333334,395.5,225.25
718,0.0772915744132684,2009-07-20,312.0515020105023,183.5,291.25
719,0.5449458556418824,2010-11-16,193.48351078004887,514.5,118.75
720,0.19906606014250633,2009-11-23,236.33333333333331,434.5,172.75
721,0.09274988929592207,2009-08-05,605.6990046623455,176.0,339.0
722,0.4734108932812689,2010-09-03,126.00000000000003,450.0,145.0
723,0.12946338714222455,2009-09-12,356.9965708668665,434.5,185.75
724,0.5043275230465762,2010-10-05,1132.7092883237683,497.0,196.5
725,0.5449458556418824,2010-11-16,284.1666666666667,516.0,136.0
726,0.0772915744132684,2009-07-20,469.5,344.0,242.0
727,0.5642687492451994,2010-12-06,703.4281248086857,258.0,307.0
728,0.5014290890060786,2010-10-02,95.49999999999997,468.0,135.0
729,0.0772915744132684,2009-07-20,493.423154758805,155.5,339.25
730,0.10530977013807817,2009-08-18,539.3541064159825,574.0,113.0
731,0.10530977013807817,2009-08-18,1072.9639638564045,223.5,342.25
732,0.0772915744132684,2009-07-20,306.16666666666663,221.5,281.25
733,0.0772915744132684,2009-07-20,285.23981831802854,359.5,213.25
734,0.10337748077774647,2009-08-16,983.193446598021,381.5,276.25
735,0.0772915744132684,2009-07-20,275.50000000000006,197.5,287.25
736,0.11014049353890745,2009-08-23,207.00000000000003,269.0,240.5
737,0.5555734471237068,2010-11-27,0.0,399.5,160.25
738,0.41157763375065415,2010-07-01,123.16666666666667,147.5,298.25
739,0.0772915744132684,2009-07-20,276.0995489098634,160.5,303.75
740,0.4734108932812689,2010-09-03,819.1704891358847,477.0,202.5
741,0.5014290890060786,2010-10-02,134.83333333333331,130.5,309.75
742,0.40578076566965904,2010-06-25,321.6371541751772,565.5,106.25
743,0.0772915744132684,2009-07-20,285.3321579407067,248.0,271.0
744,0.38878834694327963,2013-03-03,0.0,383.0,168.5
745,0.20547340542926507,2012-09-11,0.0,194.0,263.0
746,0.19911719267269917,2012-09-05,202.16666666666666,477.5,138.25
747,0.19911719267269917,2012-09-05,108.66666666666663,153.5,293.25
748,0.19911719267269917,2012-09-05,238.83333333333331,238.0,257.0
749,0.20547340542926507,2012-09-11,577.3333333333334,195.0,331.5
750,0.38772897815051865,2013-03-02,858.4387641140081,421.0,239.5
751,0.38878834694327963,2013-03-03,801.9241125793931,440.0,242.0
752,0.38878834694327963,2013-03-03,523.9263887842748,382.0,232.0
753,0.14826749062017214,2012-07-19,287.0,252.5,263.75
754,0.14826749062017214,2012-07-19,247.9379168879329,444.0,169.0
755,0.38772897815051865,2013-03-02,64.99999999999999,422.5,153.75
756,0.21500772456411388,2012-09-20,612.0000000000001,571.0,139.5
757,0.18428602957404547,2012-08-22,290.00000000000006,388.0,199.0
758,0.38878834694327963,2013-03-03,93.71829783988312,272.0,230.0
759,0.38878834694327963,2013-03-03,330.6666666666667,441.5,162.25
760,0.38878834694327963,2013-03-03,198.66666666666666,386.0,181.0
761,0.20547340542926507,2012-09-11,140.83333333333334,191.5,274.25
762,0.19911719267269917,2012-09-05,896.9608027567142,131.0,360.0
763,0.19911719267269917,2012-09-05,144.16666666666666,152.5,292.75
764,0.18428602957404547,2012-08-22,83.33333333333329,396.5,166.75
765,0.1832266607812845,2012-08-21,0.0,346.5,186.75
766,0.38772897815051865,2013-03-02,353.8333333333333,350.5,220.75
767,0.1832266607812845,2012-08-21,920.5326341134509,388.0,248.0
768,0.20547340542926507,2012-09-11,287.0662811136929,177.5,303.25
769,0.38772897815051865,2013-03-02,0.0,351.0,184.5
770,0.21606709335687485,2012-09-21,918.5227507676096,280.0,332.0
771,0.38772897815051865,2013-03-02,168.83333333333334,206.5,273.75
772,0.38878834694327963,2013-03-03,400.32778064377635,441.5,166.25
773,0.38772897815051865,2013-03-02,0.0,425.0,147.5
774,0.1832266607812845,2012-08-21,676.1839459174764,398.0,213.0
775,0.19911719267269917,2012-09-05,399.1666666666666,182.5,303.75
776,0.38878834694327963,2013-03-03,201.4476263230561,315.0,228.5
777,0.18428602957404547,2012-08-22,1095.3839912918777,459.0,260.5
778,0.19911719267269917,2012-09-05,162.0,129.5,305.25
779,0.20547340542926507,2012-09-11,299.3333333333333,191.5,297.25
780,0.21606709335687485,2012-09-21,65.5930208151934,287.5,220.25
781,0.14826749062017214,2012-07-19,565.3335275175374,248.0,274.0
782,0.38878834694327963,2013-03-03,175.33333333333337,273.5,240.25
783,0.18428602957404547,2012-08-22,187.33333333333334,367.5,191.25
784,0.18428602957404547,2012-08-22,271.5,122.0,323.0
785,0.19911719267269917,2012-09-05,785.2941360900476,226.0,345.0
786,0.38772897815051865,2013-03-02,109.66666666666667,211.5,261.25
787,0.18428602957404547,2012-08-22,975.2504314928999,369.0,251.5
788,0.38772897815051865,2013-03-02,617.8460795953449,207.5,337.25
789,0.18428602957404547,2012-08-22,0.0,460.0,130.0
790,0.38772897815051865,2013-03-02,240.83333333333331,205.0,275.5
791,0.4808780576852866,2015-12-14,278.5222708382855,327.0,215.5
792,0.4359711573566995,2015-11-03,53.5,310.0,208.0
793,0.5323566995253742,2016-01-30,487.66666666666663,472.5,185.75
794,0.07014421321650237,2014-12-04,142.66666666666669,280.5,236.75
795,0.723986856516977,2016-07-23,232.33333333333331,414.5,168.75
796,0.4808780576852866,2015-12-14,0.0,307.0,206.5
797,0.4414476086162833,2015-11-08,744.2105280765275,281.5,277.25
798,0.936518802482658,2017-02-02,958.7188310829131,141.5,360.0
799,0.9989047097480832,2017-03-31,300.8104467161535,163.0,308.5
800,0.43487586710478277,2015-11-02,272.83333333333337,222.0,268.0
801,0.9036600949251552,2017-01-03,161.49999999999997,323.0,208.5
802,0.8653249361080686,2016-11-29,5.833333333333333,301.5,209.25
803,0.8357064622124863,2016-11-02,266.5,454.0,157.0
804,0.07014421321650237,2014-12-04,910.2722123190982,245.5,353.25
805,0.6451259583789705,2016-05-12,162.0,279.5,233.25
806,0.5027838627236217,2016-01-03,871.7048054971331,215.5,330.25
807,0.6429353778751369,2016-05-10,250.87485185100923,342.5,209.75
808,0.9376140927345746,2017-02-03,561.7774748695091,295.0,253.5
809,0.07014421321650237,2014-12-04,335.83333333333326,312.0,244.0
810,0.890516611902154,2016-12-22,497.56075360114795,234.0,303.0
811,0.9255658999634904,2017-01-23,220.16666666666666,337.0,209.5
812,0.890516611902154,2016-12-22,714.9475761574104,268.5,290.75
813,0.6451259583789705,2016-05-12,426.09663554298027,453.5,161.25
814,0.6035049288061336,2016-04-04,932.1755541459133,264.5,319.75
815,0.07014421321650237,2014-12-04,378.66666666666663,279.0,266.5
816,0.8357064622124863,2016-11-02,318.12236945823327,446.5,158.75
817,0.9036600949251552,2017-01-03,534.7000401833276,224.5,284.75
818,0.4600675428988682,2015-11-25,213.16666666666669,435.5,159.25
819,0.936518802482658,2017-02-02,635.9356212096858,421.5,205.25
820,0.9036600949251552,2017-01-03,806.5835926830122,263.0,331.5
821,0.9518528660094925,2017-02-16,215.7364181168491,542.5,103.75
822,0.5641201168309602,2016-02-28,152.83333333333334,220.0,260.0
823,0.9967141292442497,2017-03-29,159.83333333333331,171.0,293.5
824,0.88175428988682,2016-12-14,94.0,359.5,187.25
825,0.9376140927345746,2017-02-03,396.56274782835806,442.5,168.75
826,0.9945235487404163,2017-03-27,771.9785174206113,469.0,218.5
827,0.5685012778386273,2016-03-03,1418.3952765649353,443.5,296.25
828,0.5641201168309602,2016-02-28,1133.8604584134482,274.5,360.0
829,0.6429353778751369,2016-05-10,244.0,336.5,211.75
830,0.6429353778751369,2016-05-10,815.4130510855481,424.5,221.75
831,0.4359711573566995,2015-11-03,95.16666666666667,245.0,248.5
832,0.6429353778751369,2016-05-10,428.2978892562126,330.5,245.75
833,0.5641201168309602,2016-02-28,873.7674338546012,129.0,360.0
834,0.9595198977729098,2017-02-23,1231.3574658557477,419.0,286.5
835,0.6451259583789705,2016-05-12,427.32737116869197,362.5,219.75
836,0.9025648046732384,2017-01-02,0.0,499.5,110.25
837,0.8653249361080686,2016-11-29,203.16666666666669,270.5,239.75
838,0.88175428988682,2016-12-14,85.57415171191587,538.5,99.75
839,0.5027838627236217,2016-01-03,286.66666666666663,321.0,222.5
840,0.9507575757575758,2017-02-15,742.5805007191763,143.0,360.0
841,0.8653249361080686,2016-11-29,89.08805751244122,264.0,237.0
842,0.9890470974808324,2017-03-22,0.0,214.5,252.75
843,0.4414476086162833,2015-11-08,516.0490900705483,538.5,138.75
844,0.890516611902154,2016-12-22,278.3333333333333,263.0,250.5
845,0.5685012778386273,2016-03-03,720.9539419931252,488.5,201.75
846,0.6429353778751369,2016-05-10,589.7585066449915,333.5,268.25
847,0.4359711573566995,2015-11-03,663.7781556422766,552.0,161.0
848,0.9945235487404163,2017-03-27,0.0,465.5,127.25
849,0.5027838627236217,2016-01-03,634.8472038476621,538.0,151.0
850,0.9036600949251552,2017-01-03,127.42517419095248,268.0,237.0
851,0.9989047097480832,2017-03-31,259.99999999999994,164.0,306.0
852,0.5641201168309602,2016-02-28,1179.4341005212682,216.0,339.0
853,0.6856516976998904,2016-06-18,72.16666666666667,426.0,154.0
854,0.8357064622124863,2016-11-02,106.66666666666667,367.0,187.5
855,0.44035231836436656,2015-11-07,0.0,463.0,128.5
856,0.565215407082877,2016-02-29,809.1513406311672,536.5,165.75
857,0.6451259583789705,2016-05-12,771.7410746010438,284.0,269.0
858,0.08219240598758672,2014-12-15,251.42730450858897,277.0,247.5
859,0.43487586710478277,2015-11-02,320.33333333333337,359.0,216.5
860,0.9025648046732384,2017-01-02,0.0,497.0,111.5
861,0.6451259583789705,2016-05-12,878.0394813605906,354.5,252.75
862,0.565215407082877,2016-02-29,427.9123573324886,422.5,186.75
863,0.9058506754289887,2017-01-05,285.41934105247424,356.0,213.0
864,0.5641201168309602,2016-02-28,732.3333333333334,351.0,260.5
865,0.6429353778751369,2016-05-10,293.28731598149733,429.5,183.25
866,0.6867469879518072,2016-06-19,219.83333333333331,478.0,142.0
867,0.8357064622124863,2016-11-02,0.0,373.0,173.5
868,0.565215407082877,2016-02-29,744.3544559623258,426.0,235.0
869,0.8203723986856517,2016-10-19,370.5716891961759,560.5,111.75
870,0.723986856516977,2016-07-23,26.833333333333332,411.0,156.5
871,0.8927071924059876,2016-12-24,698.4872282847941,356.0,267.0
872,0.4392570281124498,2015-11-06,1174.032026402671,418.0,288.0
873,0.9945235487404163,2017-03-27,24.0,508.0,108.0
874,0.6451259583789705,2016-05-12,646.5793164242607,493.5,189.25
875,0.6429353778751369,2016-05-10,607.7141444351321,160.5,338.75
876,0.07014421321650237,2014-12-04,1173.671748773246,342.0,286.0
877,0.07014421321650237,2014-12-04,364.14546671746183,247.5,262.25
878,0.9606151880248266,2017-02-24,660.6673134705655,248.5,321.75
879,0.9255658999634904,2017-01-23,32.1666666666667,332.5,195.75
880,0.07014421321650237,2014-12-04,496.4067084637312,261.0,269.5
881,0.5641201168309602,2016-02-28,565.2732818940858,357.5,247.25
882,0.565215407082877,2016-02-29,189.16666666666666,540.0,104.0
883,0.6440306681270537,2016-05-11,295.1223370784558,161.5,303.25
884,0.5027838627236217,2016-01-03,884.9897467415865,446.0,208.0
885,0.88175428988682,2016-12-14,205.8214145539946,533.5,114.25
886,0.8203723986856517,2016-10-19,12.166666666666668,599.5,60.25
887,0.6451259583789705,2016-05-12,482.48929823773443,498.5,169.75
888,0.43487586710478277,2015-11-02,381.56721157815053,379.5,214.25
889,0.8357064622124863,2016-11-02,446.0811668287663,444.5,195.75
890,0.4359711573566995,2015-11-03,107.83333333333331,260.0,238.0
891,0.6429353778751369,2016-05-10,704.913051085548,156.0,338.0
892,0.578358890105878,2016-03-12,317.5637919432246,426.5,173.75
893,0.8357064622124863,2016-11-02,294.6094897957668,259.5,253.25
894,0.5027838627236217,2016-01-03,618.7041065354565,440.5,201.75
895,0.8357064622124863,2016-11-02,585.5811668287663,565.0,151.5
896,0.6451259583789705,2016-05-12,356.8333333333333,380.5,206.75
897,0.936518802482658,2017-02-02,0.0,207.5,256.25
898,0.936518802482658,2017-02-02,112.51213655807999,138.5,297.75
899,0.5586436655713765,2016-02-23,314.14978747900415,309.5,246.25
900,0.9945235487404163,2017-03-27,330.33333333333326,319.0,236.5
901,0.6451259583789705,2016-05-12,68.2459830909275,453.5,139.25
902,0.4786874771814531,2015-12-12,944.0592162521043,298.5,310.75
903,0.9967141292442497,2017-03-29,370.3333333333333,162.5,315.75
904,0.9288517707192406,2017-01-26,173.66666666666666,509.0,118.5
905,0.565215407082877,2016-02-29,1262.4846739645002,343.0,354.5
906,0.8653249361080686,2016-11-29,126.66666666666666,299.5,221.25
907,0.44035231836436656,2015-11-07,92.33333333333333,328.5,204.75
908,0.9518528660094925,2017-02-16,292.09931485623343,327.0,217.5
909,0.08876414749908726,2014-12-21,174.00000000000003,440.5,160.75
910,0.8927071924059876,2016-12-24,190.66666666666669,353.0,198.5
911,0.9967141292442497,2017-03-29,0.0,311.5,204.25
912,0.88175428988682,2016-12-14,50.16666666666667,236.0,245.0
913,0.45787696239503467,2015-11-23,262.3333333333333,465.0,154.5
914,0.08219240598758672,2014-12-15,102.83333333333337,271.5,233.25
915,0.9945235487404163,2017-03-27,1121.5217040473563,513.0,248.5
916,0.4359711573566995,2015-11-03,71.33333333333334,323.0,204.5
917,0.9255658999634904,2017-01-23,0.0,401.0,159.5
918,0.5641201168309602,2016-02-28,143.33333333333334,455.0,144.5
919,0.8357064622124863,2016-11-02,0.0,332.5,193.75
920,0.8357064622124863,2016-11-02,19.333333333333336,450.0,136.0
921,0.5027838627236217,2016-01-03,678.0600056437108,531.0,181.5
922,0.9288517707192406,2017-01-26,232.66666666666666,504.5,134.75
923,0.5027838627236217,2016-01-03,1064.525384833709,223.0,328.5
924,0.9835706462212487,2017-03-17,100.83333333333333,551.5,94.25
925,0.8927071924059876,2016-12-24,85.49999999999997,391.5,174.25
926,0.9376140927345746,2017-02-03,1293.0594093626355,328.0,349.0
927,0.8357064622124863,2016-11-02,444.8556953853731,335.0,236.5
928,0.8357064622124863,2016-11-02,56.999999999999986,562.5,82.75
929,0.9945235487404163,2017-03-27,418.3751241914853,323.5,247.25
930,0.8927071924059876,2016-12-24,970.5859781418095,395.0,286.5
931,0.6582694414019715,2016-05-24,167.83333333333331,449.0,147.5
932,0.5641201168309602,2016-02-28,384.92579958762514,483.0,150.5
933,0.565215407082877,2016-02-29,35.16666666666666,329.5,198.25
934,0.936518802482658,2017-02-02,900.1014390554067,416.0,255.0
935,0.9507575757575758,2017-02-15,1434.1466376080998,540.0,211.0
936,0.07014421321650237,2014-12-04,496.9624403314163,304.0,258.0
937,0.9376140927345746,2017-02-03,683.3333333333333,443.0,184.5
938,0.48635450894487037,2015-12-19,439.99999999999994,417.5,203.25
939,0.4600675428988682,2015-11-25,183.16666666666669,454.5,147.75
940,0.9376140927345746,2017-02-03,666.2363510654482,353.5,239.25
941,0.07014421321650237,2014-12-04,132.4459402278358,346.0,196.0
942,0.9376140927345746,2017-02-03,604.554671915351,332.5,237.75
943,0.4392570281124498,2015-11-06,22.364735770682763,403.0,159.5
944,0.45678167214311793,2015-11-22,148.0,316.5,217.75
945,0.565215407082877,2016-02-29,614.8905698139972,345.5,229.25
946,0.4359711573566995,2015-11-03,0.0,265.5,227.25
947,0.8203723986856517,2016-10-19,34.0,585.0,69.5
948,0.9376140927345746,2017-02-03,1335.8927426959688,578.5,201.75
949,0.565215407082877,2016-02-29,476.89297272219653,332.0,234.0
